/home/leo/maxlab/.venv/lib/python3.13/site-packages/stable_baselines3/common/on_policy_algorithm.py:150: UserWarning: You are trying to run PPO on the GPU, but it is primarily intended to run on the CPU when not using a CNN policy (you are using ActorCriticPolicy which should be a MlpPolicy). See https://github.com/DLR-RM/stable-baselines3/issues/1245 for more info. You can pass `device='cpu'` or `export CUDA_VISIBLE_DEVICES=` to force using the CPU.Note: The model will train, but the GPU utilization will be poor and the training might take longer than on CPU.
  warnings.warn(
Using cuda device
Logging to ur_sim/rl_runs/tb/PPO_1
Eval num_timesteps=19992, episode_reward=-4.17 +/- 0.39
Episode length: 200.00 +/- 0.00
Success rate: 0.00%
---------------------------------
| eval/              |          |
|    mean_ep_length  | 200      |
|    mean_reward     | -4.17    |
|    success_rate    | 0        |
| time/              |          |
|    total_timesteps | 19992    |
---------------------------------
New best mean reward!
---------------------------------
| rollout/           |          |
|    ep_len_mean     | 200      |
|    ep_rew_mean     | -3.65    |
|    success_rate    | 0.01     |
| time/              |          |
|    fps             | 5141     |
|    iterations      | 1        |
|    time_elapsed    | 4        |
|    total_timesteps | 24576    |
---------------------------------
Eval num_timesteps=39984, episode_reward=-2.52 +/- 0.39
Episode length: 200.00 +/- 0.00
Success rate: 0.00%
------------------------------------------
| eval/                   |              |
|    mean_ep_length       | 200          |
|    mean_reward          | -2.52        |
|    success_rate         | 0            |
| time/                   |              |
|    total_timesteps      | 39984        |
| train/                  |              |
|    approx_kl            | 0.0074838772 |
|    clip_fraction        | 0.0821       |
|    clip_range           | 0.2          |
|    entropy_loss         | -9.95        |
|    explained_variance   | -0.51        |
|    learning_rate        | 0.0003       |
|    loss                 | 0.181        |
|    n_updates            | 10           |
|    policy_gradient_loss | -0.00767     |
|    std                  | 1            |
|    value_loss           | 0.557        |
------------------------------------------
New best mean reward!
---------------------------------
| rollout/           |          |
|    ep_len_mean     | 200      |
|    ep_rew_mean     | -4.22    |
|    success_rate    | 0        |
| time/              |          |
|    fps             | 4459     |
|    iterations      | 2        |
|    time_elapsed    | 11       |
|    total_timesteps | 49152    |
---------------------------------
Eval num_timesteps=59976, episode_reward=-2.62 +/- 0.26
Episode length: 200.00 +/- 0.00
Success rate: 0.00%
-----------------------------------------
| eval/                   |             |
|    mean_ep_length       | 200         |
|    mean_reward          | -2.62       |
|    success_rate         | 0           |
| time/                   |             |
|    total_timesteps      | 59976       |
| train/                  |             |
|    approx_kl            | 0.008995934 |
|    clip_fraction        | 0.111       |
|    clip_range           | 0.2         |
|    entropy_loss         | -9.97       |
|    explained_variance   | 0.818       |
|    learning_rate        | 0.0003      |
|    loss                 | -0.0294     |
|    n_updates            | 20          |
|    policy_gradient_loss | -0.0113     |
|    std                  | 1.01        |
|    value_loss           | 0.0741      |
-----------------------------------------
---------------------------------
| rollout/           |          |
|    ep_len_mean     | 200      |
|    ep_rew_mean     | -4.07    |
|    success_rate    | 0        |
| time/              |          |
|    fps             | 4145     |
|    iterations      | 3        |
|    time_elapsed    | 17       |
|    total_timesteps | 73728    |
---------------------------------
Eval num_timesteps=79968, episode_reward=-3.07 +/- 0.42
Episode length: 200.00 +/- 0.00
Success rate: 0.00%
-----------------------------------------
| eval/                   |             |
|    mean_ep_length       | 200         |
|    mean_reward          | -3.07       |
|    success_rate         | 0           |
| time/                   |             |
|    total_timesteps      | 79968       |
| train/                  |             |
|    approx_kl            | 0.010097696 |
|    clip_fraction        | 0.134       |
|    clip_range           | 0.2         |
|    entropy_loss         | -9.97       |
|    explained_variance   | 0.949       |
|    learning_rate        | 0.0003      |
|    loss                 | -0.0512     |
|    n_updates            | 30          |
|    policy_gradient_loss | -0.0126     |
|    std                  | 1           |
|    value_loss           | 0.0302      |
-----------------------------------------
---------------------------------
| rollout/           |          |
|    ep_len_mean     | 200      |
|    ep_rew_mean     | -3.73    |
|    success_rate    | 0        |
| time/              |          |
|    fps             | 4180     |
|    iterations      | 4        |
|    time_elapsed    | 23       |
|    total_timesteps | 98304    |
---------------------------------
Eval num_timesteps=99960, episode_reward=-2.66 +/- 0.49
Episode length: 200.00 +/- 0.00
Success rate: 0.00%
-----------------------------------------
| eval/                   |             |
|    mean_ep_length       | 200         |
|    mean_reward          | -2.66       |
|    success_rate         | 0           |
| time/                   |             |
|    total_timesteps      | 99960       |
| train/                  |             |
|    approx_kl            | 0.009565873 |
|    clip_fraction        | 0.121       |
|    clip_range           | 0.2         |
|    entropy_loss         | -9.96       |
|    explained_variance   | 0.947       |
|    learning_rate        | 0.0003      |
|    loss                 | -0.0469     |
|    n_updates            | 40          |
|    policy_gradient_loss | -0.0115     |
|    std                  | 1           |
|    value_loss           | 0.0325      |
-----------------------------------------
Eval num_timesteps=119952, episode_reward=-2.49 +/- 0.26
Episode length: 200.00 +/- 0.00
Success rate: 0.00%
---------------------------------
| eval/              |          |
|    mean_ep_length  | 200      |
|    mean_reward     | -2.49    |
|    success_rate    | 0        |
| time/              |          |
|    total_timesteps | 119952   |
---------------------------------
New best mean reward!
---------------------------------
| rollout/           |          |
|    ep_len_mean     | 200      |
|    ep_rew_mean     | -3.19    |
|    success_rate    | 0        |
| time/              |          |
|    fps             | 3900     |
|    iterations      | 5        |
|    time_elapsed    | 31       |
|    total_timesteps | 122880   |
---------------------------------
Eval num_timesteps=139944, episode_reward=-2.40 +/- 0.49
Episode length: 200.00 +/- 0.00
Success rate: 0.00%
------------------------------------------
| eval/                   |              |
|    mean_ep_length       | 200          |
|    mean_reward          | -2.4         |
|    success_rate         | 0            |
| time/                   |              |
|    total_timesteps      | 139944       |
| train/                  |              |
|    approx_kl            | 0.0089413505 |
|    clip_fraction        | 0.123        |
|    clip_range           | 0.2          |
|    entropy_loss         | -9.94        |
|    explained_variance   | 0.967        |
|    learning_rate        | 0.0003       |
|    loss                 | -0.0522      |
|    n_updates            | 50           |
|    policy_gradient_loss | -0.0107      |
|    std                  | 1            |
|    value_loss           | 0.0202       |
------------------------------------------
New best mean reward!
---------------------------------
| rollout/           |          |
|    ep_len_mean     | 199      |
|    ep_rew_mean     | -0.0281  |
|    success_rate    | 0.02     |
| time/              |          |
|    fps             | 3829     |
|    iterations      | 6        |
|    time_elapsed    | 38       |
|    total_timesteps | 147456   |
---------------------------------
Eval num_timesteps=159936, episode_reward=-2.00 +/- 0.35
Episode length: 200.00 +/- 0.00
Success rate: 0.00%
-----------------------------------------
| eval/                   |             |
|    mean_ep_length       | 200         |
|    mean_reward          | -2          |
|    success_rate         | 0           |
| time/                   |             |
|    total_timesteps      | 159936      |
| train/                  |             |
|    approx_kl            | 0.008865935 |
|    clip_fraction        | 0.107       |
|    clip_range           | 0.2         |
|    entropy_loss         | -9.93       |
|    explained_variance   | 0.813       |
|    learning_rate        | 0.0003      |
|    loss                 | 0.002       |
|    n_updates            | 60          |
|    policy_gradient_loss | -0.00605    |
|    std                  | 1           |
|    value_loss           | 0.117       |
-----------------------------------------
New best mean reward!
---------------------------------
| rollout/           |          |
|    ep_len_mean     | 200      |
|    ep_rew_mean     | -2.22    |
|    success_rate    | 0        |
| time/              |          |
|    fps             | 3782     |
|    iterations      | 7        |
|    time_elapsed    | 45       |
|    total_timesteps | 172032   |
---------------------------------
Eval num_timesteps=179928, episode_reward=-1.08 +/- 0.24
Episode length: 200.00 +/- 0.00
Success rate: 0.00%
-----------------------------------------
| eval/                   |             |
|    mean_ep_length       | 200         |
|    mean_reward          | -1.08       |
|    success_rate         | 0           |
| time/                   |             |
|    total_timesteps      | 179928      |
| train/                  |             |
|    approx_kl            | 0.008060322 |
|    clip_fraction        | 0.101       |
|    clip_range           | 0.2         |
|    entropy_loss         | -9.93       |
|    explained_variance   | 0.936       |
|    learning_rate        | 0.0003      |
|    loss                 | -0.0452     |
|    n_updates            | 70          |
|    policy_gradient_loss | -0.00829    |
|    std                  | 1           |
|    value_loss           | 0.033       |
-----------------------------------------
New best mean reward!
---------------------------------
| rollout/           |          |
|    ep_len_mean     | 193      |
|    ep_rew_mean     | 3.54     |
|    success_rate    | 0.05     |
| time/              |          |
|    fps             | 3745     |
|    iterations      | 8        |
|    time_elapsed    | 52       |
|    total_timesteps | 196608   |
---------------------------------
Eval num_timesteps=199920, episode_reward=7.59 +/- 6.38
Episode length: 200.00 +/- 0.00
Success rate: 0.00%
-----------------------------------------
| eval/                   |             |
|    mean_ep_length       | 200         |
|    mean_reward          | 7.59        |
|    success_rate         | 0           |
| time/                   |             |
|    total_timesteps      | 199920      |
| train/                  |             |
|    approx_kl            | 0.010228342 |
|    clip_fraction        | 0.127       |
|    clip_range           | 0.2         |
|    entropy_loss         | -9.93       |
|    explained_variance   | 0.713       |
|    learning_rate        | 0.0003      |
|    loss                 | 0.0455      |
|    n_updates            | 80          |
|    policy_gradient_loss | -0.00573    |
|    std                  | 1           |
|    value_loss           | 0.218       |
-----------------------------------------
New best mean reward!
Eval num_timesteps=219912, episode_reward=5.73 +/- 4.16
Episode length: 200.00 +/- 0.00
Success rate: 0.00%
---------------------------------
| eval/              |          |
|    mean_ep_length  | 200      |
|    mean_reward     | 5.73     |
|    success_rate    | 0        |
| time/              |          |
|    total_timesteps | 219912   |
---------------------------------
---------------------------------
| rollout/           |          |
|    ep_len_mean     | 196      |
|    ep_rew_mean     | 2.52     |
|    success_rate    | 0.04     |
| time/              |          |
|    fps             | 3622     |
|    iterations      | 9        |
|    time_elapsed    | 61       |
|    total_timesteps | 221184   |
---------------------------------
Eval num_timesteps=239904, episode_reward=2.59 +/- 6.30
Episode length: 200.00 +/- 0.00
Success rate: 0.00%
-----------------------------------------
| eval/                   |             |
|    mean_ep_length       | 200         |
|    mean_reward          | 2.59        |
|    success_rate         | 0           |
| time/                   |             |
|    total_timesteps      | 239904      |
| train/                  |             |
|    approx_kl            | 0.008992686 |
|    clip_fraction        | 0.114       |
|    clip_range           | 0.2         |
|    entropy_loss         | -9.93       |
|    explained_variance   | 0.666       |
|    learning_rate        | 0.0003      |
|    loss                 | 0.0516      |
|    n_updates            | 90          |
|    policy_gradient_loss | -0.00576    |
|    std                  | 1           |
|    value_loss           | 0.251       |
-----------------------------------------
---------------------------------
| rollout/           |          |
|    ep_len_mean     | 194      |
|    ep_rew_mean     | 3.28     |
|    success_rate    | 0.05     |
| time/              |          |
|    fps             | 3607     |
|    iterations      | 10       |
|    time_elapsed    | 68       |
|    total_timesteps | 245760   |
---------------------------------
Eval num_timesteps=259896, episode_reward=8.03 +/- 25.17
Episode length: 193.25 +/- 29.42
Success rate: 5.00%
-----------------------------------------
| eval/                   |             |
|    mean_ep_length       | 193         |
|    mean_reward          | 8.03        |
|    success_rate         | 0.05        |
| time/                   |             |
|    total_timesteps      | 259896      |
| train/                  |             |
|    approx_kl            | 0.009589207 |
|    clip_fraction        | 0.127       |
|    clip_range           | 0.2         |
|    entropy_loss         | -9.92       |
|    explained_variance   | 0.532       |
|    learning_rate        | 0.0003      |
|    loss                 | 0.166       |
|    n_updates            | 100         |
|    policy_gradient_loss | -0.00713    |
|    std                  | 0.997       |
|    value_loss           | 0.452       |
-----------------------------------------
New best mean reward!
---------------------------------
| rollout/           |          |
|    ep_len_mean     | 196      |
|    ep_rew_mean     | 1.18     |
|    success_rate    | 0.02     |
| time/              |          |
|    fps             | 3590     |
|    iterations      | 11       |
|    time_elapsed    | 75       |
|    total_timesteps | 270336   |
---------------------------------
Eval num_timesteps=279888, episode_reward=2.22 +/- 1.40
Episode length: 200.00 +/- 0.00
Success rate: 0.00%
------------------------------------------
| eval/                   |              |
|    mean_ep_length       | 200          |
|    mean_reward          | 2.22         |
|    success_rate         | 0            |
| time/                   |              |
|    total_timesteps      | 279888       |
| train/                  |              |
|    approx_kl            | 0.0092947185 |
|    clip_fraction        | 0.12         |
|    clip_range           | 0.2          |
|    entropy_loss         | -9.91        |
|    explained_variance   | 0.764        |
|    learning_rate        | 0.0003       |
|    loss                 | 0.0238       |
|    n_updates            | 110          |
|    policy_gradient_loss | -0.00836     |
|    std                  | 0.997        |
|    value_loss           | 0.181        |
------------------------------------------
---------------------------------
| rollout/           |          |
|    ep_len_mean     | 186      |
|    ep_rew_mean     | 11.3     |
|    success_rate    | 0.12     |
| time/              |          |
|    fps             | 3545     |
|    iterations      | 12       |
|    time_elapsed    | 83       |
|    total_timesteps | 294912   |
---------------------------------
Eval num_timesteps=299880, episode_reward=3.51 +/- 2.53
Episode length: 200.00 +/- 0.00
Success rate: 0.00%
-----------------------------------------
| eval/                   |             |
|    mean_ep_length       | 200         |
|    mean_reward          | 3.51        |
|    success_rate         | 0           |
| time/                   |             |
|    total_timesteps      | 299880      |
| train/                  |             |
|    approx_kl            | 0.009440896 |
|    clip_fraction        | 0.117       |
|    clip_range           | 0.2         |
|    entropy_loss         | -9.91       |
|    explained_variance   | 0.434       |
|    learning_rate        | 0.0003      |
|    loss                 | 0.42        |
|    n_updates            | 120         |
|    policy_gradient_loss | -0.00607    |
|    std                  | 0.997       |
|    value_loss           | 0.929       |
-----------------------------------------
---------------------------------
| rollout/           |          |
|    ep_len_mean     | 180      |
|    ep_rew_mean     | 19.5     |
|    success_rate    | 0.2      |
| time/              |          |
|    fps             | 3492     |
|    iterations      | 13       |
|    time_elapsed    | 91       |
|    total_timesteps | 319488   |
---------------------------------
Eval num_timesteps=319872, episode_reward=3.87 +/- 4.33
Episode length: 200.00 +/- 0.00
Success rate: 0.00%
-----------------------------------------
| eval/                   |             |
|    mean_ep_length       | 200         |
|    mean_reward          | 3.87        |
|    success_rate         | 0           |
| time/                   |             |
|    total_timesteps      | 319872      |
| train/                  |             |
|    approx_kl            | 0.009413831 |
|    clip_fraction        | 0.122       |
|    clip_range           | 0.2         |
|    entropy_loss         | -9.91       |
|    explained_variance   | 0.355       |
|    learning_rate        | 0.0003      |
|    loss                 | 0.609       |
|    n_updates            | 130         |
|    policy_gradient_loss | -0.00649    |
|    std                  | 0.999       |
|    value_loss           | 1.31        |
-----------------------------------------
Eval num_timesteps=339864, episode_reward=4.14 +/- 3.97
Episode length: 200.00 +/- 0.00
Success rate: 0.00%
---------------------------------
| eval/              |          |
|    mean_ep_length  | 200      |
|    mean_reward     | 4.14     |
|    success_rate    | 0        |
| time/              |          |
|    total_timesteps | 339864   |
---------------------------------
---------------------------------
| rollout/           |          |
|    ep_len_mean     | 171      |
|    ep_rew_mean     | 22       |
|    success_rate    | 0.22     |
| time/              |          |
|    fps             | 3378     |
|    iterations      | 14       |
|    time_elapsed    | 101      |
|    total_timesteps | 344064   |
---------------------------------
Eval num_timesteps=359856, episode_reward=1.46 +/- 1.12
Episode length: 200.00 +/- 0.00
Success rate: 0.00%
-----------------------------------------
| eval/                   |             |
|    mean_ep_length       | 200         |
|    mean_reward          | 1.46        |
|    success_rate         | 0           |
| time/                   |             |
|    total_timesteps      | 359856      |
| train/                  |             |
|    approx_kl            | 0.009253562 |
|    clip_fraction        | 0.113       |
|    clip_range           | 0.2         |
|    entropy_loss         | -9.92       |
|    explained_variance   | 0.374       |
|    learning_rate        | 0.0003      |
|    loss                 | 0.612       |
|    n_updates            | 140         |
|    policy_gradient_loss | -0.00622    |
|    std                  | 0.998       |
|    value_loss           | 1.33        |
-----------------------------------------
---------------------------------
| rollout/           |          |
|    ep_len_mean     | 179      |
|    ep_rew_mean     | 17.2     |
|    success_rate    | 0.18     |
| time/              |          |
|    fps             | 3335     |
|    iterations      | 15       |
|    time_elapsed    | 110      |
|    total_timesteps | 368640   |
---------------------------------
Eval num_timesteps=379848, episode_reward=1.94 +/- 1.45
Episode length: 200.00 +/- 0.00
Success rate: 0.00%
-----------------------------------------
| eval/                   |             |
|    mean_ep_length       | 200         |
|    mean_reward          | 1.94        |
|    success_rate         | 0           |
| time/                   |             |
|    total_timesteps      | 379848      |
| train/                  |             |
|    approx_kl            | 0.009792931 |
|    clip_fraction        | 0.127       |
|    clip_range           | 0.2         |
|    entropy_loss         | -9.91       |
|    explained_variance   | 0.302       |
|    learning_rate        | 0.0003      |
|    loss                 | 0.532       |
|    n_updates            | 150         |
|    policy_gradient_loss | -0.00651    |
|    std                  | 0.997       |
|    value_loss           | 1.14        |
-----------------------------------------
---------------------------------
| rollout/           |          |
|    ep_len_mean     | 170      |
|    ep_rew_mean     | 23.5     |
|    success_rate    | 0.24     |
| time/              |          |
|    fps             | 3314     |
|    iterations      | 16       |
|    time_elapsed    | 118      |
|    total_timesteps | 393216   |
---------------------------------
Eval num_timesteps=399840, episode_reward=1.43 +/- 1.13
Episode length: 200.00 +/- 0.00
Success rate: 0.00%
-----------------------------------------
| eval/                   |             |
|    mean_ep_length       | 200         |
|    mean_reward          | 1.43        |
|    success_rate         | 0           |
| time/                   |             |
|    total_timesteps      | 399840      |
| train/                  |             |
|    approx_kl            | 0.009157722 |
|    clip_fraction        | 0.114       |
|    clip_range           | 0.2         |
|    entropy_loss         | -9.89       |
|    explained_variance   | 0.376       |
|    learning_rate        | 0.0003      |
|    loss                 | 0.626       |
|    n_updates            | 160         |
|    policy_gradient_loss | -0.00575    |
|    std                  | 0.994       |
|    value_loss           | 1.32        |
-----------------------------------------
---------------------------------
| rollout/           |          |
|    ep_len_mean     | 172      |
|    ep_rew_mean     | 22.7     |
|    success_rate    | 0.23     |
| time/              |          |
|    fps             | 3282     |
|    iterations      | 17       |
|    time_elapsed    | 127      |
|    total_timesteps | 417792   |
---------------------------------
Eval num_timesteps=419832, episode_reward=1.01 +/- 2.28
Episode length: 200.00 +/- 0.00
Success rate: 0.00%
-----------------------------------------
| eval/                   |             |
|    mean_ep_length       | 200         |
|    mean_reward          | 1.01        |
|    success_rate         | 0           |
| time/                   |             |
|    total_timesteps      | 419832      |
| train/                  |             |
|    approx_kl            | 0.009767745 |
|    clip_fraction        | 0.114       |
|    clip_range           | 0.2         |
|    entropy_loss         | -9.88       |
|    explained_variance   | 0.386       |
|    learning_rate        | 0.0003      |
|    loss                 | 0.652       |
|    n_updates            | 170         |
|    policy_gradient_loss | -0.00512    |
|    std                  | 0.993       |
|    value_loss           | 1.35        |
-----------------------------------------
Eval num_timesteps=439824, episode_reward=1.90 +/- 1.73
Episode length: 200.00 +/- 0.00
Success rate: 0.00%
---------------------------------
| eval/              |          |
|    mean_ep_length  | 200      |
|    mean_reward     | 1.9      |
|    success_rate    | 0        |
| time/              |          |
|    total_timesteps | 439824   |
---------------------------------
---------------------------------
| rollout/           |          |
|    ep_len_mean     | 170      |
|    ep_rew_mean     | 23.9     |
|    success_rate    | 0.25     |
| time/              |          |
|    fps             | 3206     |
|    iterations      | 18       |
|    time_elapsed    | 137      |
|    total_timesteps | 442368   |
---------------------------------
Eval num_timesteps=459816, episode_reward=5.24 +/- 22.46
Episode length: 190.45 +/- 41.63
Success rate: 5.00%
----------------------------------------
| eval/                   |            |
|    mean_ep_length       | 190        |
|    mean_reward          | 5.24       |
|    success_rate         | 0.05       |
| time/                   |            |
|    total_timesteps      | 459816     |
| train/                  |            |
|    approx_kl            | 0.00773963 |
|    clip_fraction        | 0.0938     |
|    clip_range           | 0.2        |
|    entropy_loss         | -9.87      |
|    explained_variance   | 0.43       |
|    learning_rate        | 0.0003     |
|    loss                 | 0.607      |
|    n_updates            | 180        |
|    policy_gradient_loss | -0.00467   |
|    std                  | 0.991      |
|    value_loss           | 1.4        |
----------------------------------------
---------------------------------
| rollout/           |          |
|    ep_len_mean     | 153      |
|    ep_rew_mean     | 36.2     |
|    success_rate    | 0.36     |
| time/              |          |
|    fps             | 3201     |
|    iterations      | 19       |
|    time_elapsed    | 145      |
|    total_timesteps | 466944   |
---------------------------------
Eval num_timesteps=479808, episode_reward=-0.37 +/- 3.19
Episode length: 200.00 +/- 0.00
Success rate: 0.00%
-----------------------------------------
| eval/                   |             |
|    mean_ep_length       | 200         |
|    mean_reward          | -0.368      |
|    success_rate         | 0           |
| time/                   |             |
|    total_timesteps      | 479808      |
| train/                  |             |
|    approx_kl            | 0.008304516 |
|    clip_fraction        | 0.0964      |
|    clip_range           | 0.2         |
|    entropy_loss         | -9.84       |
|    explained_variance   | 0.291       |
|    learning_rate        | 0.0003      |
|    loss                 | 0.946       |
|    n_updates            | 190         |
|    policy_gradient_loss | -0.00547    |
|    std                  | 0.987       |
|    value_loss           | 1.96        |
-----------------------------------------
---------------------------------
| rollout/           |          |
|    ep_len_mean     | 161      |
|    ep_rew_mean     | 30.5     |
|    success_rate    | 0.31     |
| time/              |          |
|    fps             | 3187     |
|    iterations      | 20       |
|    time_elapsed    | 154      |
|    total_timesteps | 491520   |
---------------------------------
Eval num_timesteps=499800, episode_reward=1.09 +/- 2.92
Episode length: 200.00 +/- 0.00
Success rate: 0.00%
------------------------------------------
| eval/                   |              |
|    mean_ep_length       | 200          |
|    mean_reward          | 1.09         |
|    success_rate         | 0            |
| time/                   |              |
|    total_timesteps      | 499800       |
| train/                  |              |
|    approx_kl            | 0.0080752075 |
|    clip_fraction        | 0.0937       |
|    clip_range           | 0.2          |
|    entropy_loss         | -9.82        |
|    explained_variance   | 0.38         |
|    learning_rate        | 0.0003       |
|    loss                 | 0.712        |
|    n_updates            | 200          |
|    policy_gradient_loss | -0.00524     |
|    std                  | 0.985        |
|    value_loss           | 1.59         |
------------------------------------------
---------------------------------
| rollout/           |          |
|    ep_len_mean     | 161      |
|    ep_rew_mean     | 26.6     |
|    success_rate    | 0.27     |
| time/              |          |
|    fps             | 3175     |
|    iterations      | 21       |
|    time_elapsed    | 162      |
|    total_timesteps | 516096   |
---------------------------------
Eval num_timesteps=519792, episode_reward=2.29 +/- 2.82
Episode length: 200.00 +/- 0.00
Success rate: 0.00%
-----------------------------------------
| eval/                   |             |
|    mean_ep_length       | 200         |
|    mean_reward          | 2.29        |
|    success_rate         | 0           |
| time/                   |             |
|    total_timesteps      | 519792      |
| train/                  |             |
|    approx_kl            | 0.007415805 |
|    clip_fraction        | 0.0869      |
|    clip_range           | 0.2         |
|    entropy_loss         | -9.79       |
|    explained_variance   | 0.467       |
|    learning_rate        | 0.0003      |
|    loss                 | 0.646       |
|    n_updates            | 210         |
|    policy_gradient_loss | -0.005      |
|    std                  | 0.978       |
|    value_loss           | 1.55        |
-----------------------------------------
Eval num_timesteps=539784, episode_reward=2.89 +/- 4.34
Episode length: 200.00 +/- 0.00
Success rate: 0.00%
---------------------------------
| eval/              |          |
|    mean_ep_length  | 200      |
|    mean_reward     | 2.89     |
|    success_rate    | 0        |
| time/              |          |
|    total_timesteps | 539784   |
---------------------------------
---------------------------------
| rollout/           |          |
|    ep_len_mean     | 147      |
|    ep_rew_mean     | 42.6     |
|    success_rate    | 0.42     |
| time/              |          |
|    fps             | 3126     |
|    iterations      | 22       |
|    time_elapsed    | 172      |
|    total_timesteps | 540672   |
---------------------------------
Eval num_timesteps=559776, episode_reward=7.05 +/- 22.08
Episode length: 190.35 +/- 42.06
Success rate: 5.00%
------------------------------------------
| eval/                   |              |
|    mean_ep_length       | 190          |
|    mean_reward          | 7.05         |
|    success_rate         | 0.05         |
| time/                   |              |
|    total_timesteps      | 559776       |
| train/                  |              |
|    approx_kl            | 0.0075794407 |
|    clip_fraction        | 0.08         |
|    clip_range           | 0.2          |
|    entropy_loss         | -9.76        |
|    explained_variance   | 0.439        |
|    learning_rate        | 0.0003       |
|    loss                 | 0.904        |
|    n_updates            | 220          |
|    policy_gradient_loss | -0.0045      |
|    std                  | 0.977        |
|    value_loss           | 1.91         |
------------------------------------------
---------------------------------
| rollout/           |          |
|    ep_len_mean     | 162      |
|    ep_rew_mean     | 31.2     |
|    success_rate    | 0.31     |
| time/              |          |
|    fps             | 3125     |
|    iterations      | 23       |
|    time_elapsed    | 180      |
|    total_timesteps | 565248   |
---------------------------------
Eval num_timesteps=579768, episode_reward=4.76 +/- 5.74
Episode length: 200.00 +/- 0.00
Success rate: 0.00%
------------------------------------------
| eval/                   |              |
|    mean_ep_length       | 200          |
|    mean_reward          | 4.76         |
|    success_rate         | 0            |
| time/                   |              |
|    total_timesteps      | 579768       |
| train/                  |              |
|    approx_kl            | 0.0075883283 |
|    clip_fraction        | 0.0876       |
|    clip_range           | 0.2          |
|    entropy_loss         | -9.76        |
|    explained_variance   | 0.471        |
|    learning_rate        | 0.0003       |
|    loss                 | 0.723        |
|    n_updates            | 230          |
|    policy_gradient_loss | -0.0043      |
|    std                  | 0.976        |
|    value_loss           | 1.57         |
------------------------------------------
---------------------------------
| rollout/           |          |
|    ep_len_mean     | 156      |
|    ep_rew_mean     | 35.6     |
|    success_rate    | 0.35     |
| time/              |          |
|    fps             | 3125     |
|    iterations      | 24       |
|    time_elapsed    | 188      |
|    total_timesteps | 589824   |
---------------------------------
Eval num_timesteps=599760, episode_reward=4.78 +/- 5.43
Episode length: 200.00 +/- 0.00
Success rate: 0.00%
------------------------------------------
| eval/                   |              |
|    mean_ep_length       | 200          |
|    mean_reward          | 4.78         |
|    success_rate         | 0            |
| time/                   |              |
|    total_timesteps      | 599760       |
| train/                  |              |
|    approx_kl            | 0.0078300005 |
|    clip_fraction        | 0.0993       |
|    clip_range           | 0.2          |
|    entropy_loss         | -9.75        |
|    explained_variance   | 0.44         |
|    learning_rate        | 0.0003       |
|    loss                 | 0.855        |
|    n_updates            | 240          |
|    policy_gradient_loss | -0.00478     |
|    std                  | 0.975        |
|    value_loss           | 1.82         |
------------------------------------------
---------------------------------
| rollout/           |          |
|    ep_len_mean     | 154      |
|    ep_rew_mean     | 35.9     |
|    success_rate    | 0.35     |
| time/              |          |
|    fps             | 3120     |
|    iterations      | 25       |
|    time_elapsed    | 196      |
|    total_timesteps | 614400   |
---------------------------------
Eval num_timesteps=619752, episode_reward=8.54 +/- 9.38
Episode length: 200.00 +/- 0.00
Success rate: 0.00%
-----------------------------------------
| eval/                   |             |
|    mean_ep_length       | 200         |
|    mean_reward          | 8.54        |
|    success_rate         | 0           |
| time/                   |             |
|    total_timesteps      | 619752      |
| train/                  |             |
|    approx_kl            | 0.008487892 |
|    clip_fraction        | 0.0911      |
|    clip_range           | 0.2         |
|    entropy_loss         | -9.73       |
|    explained_variance   | 0.463       |
|    learning_rate        | 0.0003      |
|    loss                 | 0.74        |
|    n_updates            | 250         |
|    policy_gradient_loss | -0.00433    |
|    std                  | 0.972       |
|    value_loss           | 1.62        |
-----------------------------------------
New best mean reward!
---------------------------------
| rollout/           |          |
|    ep_len_mean     | 154      |
|    ep_rew_mean     | 33.5     |
|    success_rate    | 0.34     |
| time/              |          |
|    fps             | 3100     |
|    iterations      | 26       |
|    time_elapsed    | 206      |
|    total_timesteps | 638976   |
---------------------------------
Eval num_timesteps=639744, episode_reward=6.69 +/- 7.51
Episode length: 200.00 +/- 0.00
Success rate: 0.00%
-----------------------------------------
| eval/                   |             |
|    mean_ep_length       | 200         |
|    mean_reward          | 6.69        |
|    success_rate         | 0           |
| time/                   |             |
|    total_timesteps      | 639744      |
| train/                  |             |
|    approx_kl            | 0.007754514 |
|    clip_fraction        | 0.0793      |
|    clip_range           | 0.2         |
|    entropy_loss         | -9.72       |
|    explained_variance   | 0.455       |
|    learning_rate        | 0.0003      |
|    loss                 | 0.732       |
|    n_updates            | 260         |
|    policy_gradient_loss | -0.00402    |
|    std                  | 0.972       |
|    value_loss           | 1.63        |
-----------------------------------------
Eval num_timesteps=659736, episode_reward=5.65 +/- 8.31
Episode length: 200.00 +/- 0.00
Success rate: 0.00%
---------------------------------
| eval/              |          |
|    mean_ep_length  | 200      |
|    mean_reward     | 5.65     |
|    success_rate    | 0        |
| time/              |          |
|    total_timesteps | 659736   |
---------------------------------
---------------------------------
| rollout/           |          |
|    ep_len_mean     | 162      |
|    ep_rew_mean     | 27.3     |
|    success_rate    | 0.28     |
| time/              |          |
|    fps             | 3050     |
|    iterations      | 27       |
|    time_elapsed    | 217      |
|    total_timesteps | 663552   |
---------------------------------
Eval num_timesteps=679728, episode_reward=13.18 +/- 23.10
Episode length: 190.25 +/- 42.50
Success rate: 5.00%
-----------------------------------------
| eval/                   |             |
|    mean_ep_length       | 190         |
|    mean_reward          | 13.2        |
|    success_rate         | 0.05        |
| time/                   |             |
|    total_timesteps      | 679728      |
| train/                  |             |
|    approx_kl            | 0.007348612 |
|    clip_fraction        | 0.0852      |
|    clip_range           | 0.2         |
|    entropy_loss         | -9.72       |
|    explained_variance   | 0.453       |
|    learning_rate        | 0.0003      |
|    loss                 | 0.88        |
|    n_updates            | 270         |
|    policy_gradient_loss | -0.0046     |
|    std                  | 0.971       |
|    value_loss           | 1.74        |
-----------------------------------------
New best mean reward!
---------------------------------
| rollout/           |          |
|    ep_len_mean     | 153      |
|    ep_rew_mean     | 34.5     |
|    success_rate    | 0.35     |
| time/              |          |
|    fps             | 3042     |
|    iterations      | 28       |
|    time_elapsed    | 226      |
|    total_timesteps | 688128   |
---------------------------------
Eval num_timesteps=699720, episode_reward=17.09 +/- 29.66
Episode length: 180.40 +/- 58.80
Success rate: 10.00%
------------------------------------------
| eval/                   |              |
|    mean_ep_length       | 180          |
|    mean_reward          | 17.1         |
|    success_rate         | 0.1          |
| time/                   |              |
|    total_timesteps      | 699720       |
| train/                  |              |
|    approx_kl            | 0.0072517893 |
|    clip_fraction        | 0.0793       |
|    clip_range           | 0.2          |
|    entropy_loss         | -9.72        |
|    explained_variance   | 0.409        |
|    learning_rate        | 0.0003       |
|    loss                 | 0.931        |
|    n_updates            | 280          |
|    policy_gradient_loss | -0.00371     |
|    std                  | 0.973        |
|    value_loss           | 1.88         |
------------------------------------------
New best mean reward!
---------------------------------
| rollout/           |          |
|    ep_len_mean     | 156      |
|    ep_rew_mean     | 30.8     |
|    success_rate    | 0.31     |
| time/              |          |
|    fps             | 3030     |
|    iterations      | 29       |
|    time_elapsed    | 235      |
|    total_timesteps | 712704   |
---------------------------------
Eval num_timesteps=719712, episode_reward=14.17 +/- 30.00
Episode length: 180.50 +/- 58.50
Success rate: 10.00%
-----------------------------------------
| eval/                   |             |
|    mean_ep_length       | 180         |
|    mean_reward          | 14.2        |
|    success_rate         | 0.1         |
| time/                   |             |
|    total_timesteps      | 719712      |
| train/                  |             |
|    approx_kl            | 0.007336915 |
|    clip_fraction        | 0.0761      |
|    clip_range           | 0.2         |
|    entropy_loss         | -9.72       |
|    explained_variance   | 0.467       |
|    learning_rate        | 0.0003      |
|    loss                 | 0.769       |
|    n_updates            | 290         |
|    policy_gradient_loss | -0.00426    |
|    std                  | 0.972       |
|    value_loss           | 1.44        |
-----------------------------------------
---------------------------------
| rollout/           |          |
|    ep_len_mean     | 155      |
|    ep_rew_mean     | 34.4     |
|    success_rate    | 0.34     |
| time/              |          |
|    fps             | 3027     |
|    iterations      | 30       |
|    time_elapsed    | 243      |
|    total_timesteps | 737280   |
---------------------------------
Eval num_timesteps=739704, episode_reward=4.39 +/- 6.32
Episode length: 200.00 +/- 0.00
Success rate: 0.00%
-----------------------------------------
| eval/                   |             |
|    mean_ep_length       | 200         |
|    mean_reward          | 4.39        |
|    success_rate         | 0           |
| time/                   |             |
|    total_timesteps      | 739704      |
| train/                  |             |
|    approx_kl            | 0.008148675 |
|    clip_fraction        | 0.0881      |
|    clip_range           | 0.2         |
|    entropy_loss         | -9.71       |
|    explained_variance   | 0.439       |
|    learning_rate        | 0.0003      |
|    loss                 | 0.838       |
|    n_updates            | 300         |
|    policy_gradient_loss | -0.00413    |
|    std                  | 0.971       |
|    value_loss           | 1.74        |
-----------------------------------------
Eval num_timesteps=759696, episode_reward=23.26 +/- 40.52
Episode length: 161.35 +/- 77.31
Success rate: 20.00%
---------------------------------
| eval/              |          |
|    mean_ep_length  | 161      |
|    mean_reward     | 23.3     |
|    success_rate    | 0.2      |
| time/              |          |
|    total_timesteps | 759696   |
---------------------------------
New best mean reward!
---------------------------------
| rollout/           |          |
|    ep_len_mean     | 159      |
|    ep_rew_mean     | 30.9     |
|    success_rate    | 0.3      |
| time/              |          |
|    fps             | 2995     |
|    iterations      | 31       |
|    time_elapsed    | 254      |
|    total_timesteps | 761856   |
---------------------------------
Eval num_timesteps=779688, episode_reward=17.62 +/- 25.53
Episode length: 190.35 +/- 42.06
Success rate: 5.00%
-----------------------------------------
| eval/                   |             |
|    mean_ep_length       | 190         |
|    mean_reward          | 17.6        |
|    success_rate         | 0.05        |
| time/                   |             |
|    total_timesteps      | 779688      |
| train/                  |             |
|    approx_kl            | 0.007942165 |
|    clip_fraction        | 0.0917      |
|    clip_range           | 0.2         |
|    entropy_loss         | -9.7        |
|    explained_variance   | 0.466       |
|    learning_rate        | 0.0003      |
|    loss                 | 0.721       |
|    n_updates            | 310         |
|    policy_gradient_loss | -0.00434    |
|    std                  | 0.967       |
|    value_loss           | 1.54        |
-----------------------------------------
---------------------------------
| rollout/           |          |
|    ep_len_mean     | 158      |
|    ep_rew_mean     | 30.4     |
|    success_rate    | 0.3      |
| time/              |          |
|    fps             | 2998     |
|    iterations      | 32       |
|    time_elapsed    | 262      |
|    total_timesteps | 786432   |
---------------------------------
Eval num_timesteps=799680, episode_reward=12.83 +/- 11.50
Episode length: 200.00 +/- 0.00
Success rate: 0.00%
-----------------------------------------
| eval/                   |             |
|    mean_ep_length       | 200         |
|    mean_reward          | 12.8        |
|    success_rate         | 0           |
| time/                   |             |
|    total_timesteps      | 799680      |
| train/                  |             |
|    approx_kl            | 0.008285863 |
|    clip_fraction        | 0.095       |
|    clip_range           | 0.2         |
|    entropy_loss         | -9.67       |
|    explained_variance   | 0.471       |
|    learning_rate        | 0.0003      |
|    loss                 | 0.734       |
|    n_updates            | 320         |
|    policy_gradient_loss | -0.005      |
|    std                  | 0.963       |
|    value_loss           | 1.49        |
-----------------------------------------
---------------------------------
| rollout/           |          |
|    ep_len_mean     | 141      |
|    ep_rew_mean     | 43.2     |
|    success_rate    | 0.43     |
| time/              |          |
|    fps             | 3003     |
|    iterations      | 33       |
|    time_elapsed    | 270      |
|    total_timesteps | 811008   |
---------------------------------
Eval num_timesteps=819672, episode_reward=10.69 +/- 23.81
Episode length: 190.55 +/- 41.19
Success rate: 5.00%
-----------------------------------------
| eval/                   |             |
|    mean_ep_length       | 191         |
|    mean_reward          | 10.7        |
|    success_rate         | 0.05        |
| time/                   |             |
|    total_timesteps      | 819672      |
| train/                  |             |
|    approx_kl            | 0.007542604 |
|    clip_fraction        | 0.0753      |
|    clip_range           | 0.2         |
|    entropy_loss         | -9.65       |
|    explained_variance   | 0.405       |
|    learning_rate        | 0.0003      |
|    loss                 | 1           |
|    n_updates            | 330         |
|    policy_gradient_loss | -0.00374    |
|    std                  | 0.963       |
|    value_loss           | 2.16        |
-----------------------------------------
---------------------------------
| rollout/           |          |
|    ep_len_mean     | 147      |
|    ep_rew_mean     | 36.6     |
|    success_rate    | 0.36     |
| time/              |          |
|    fps             | 3010     |
|    iterations      | 34       |
|    time_elapsed    | 277      |
|    total_timesteps | 835584   |
---------------------------------
Eval num_timesteps=839664, episode_reward=2.94 +/- 2.26
Episode length: 200.00 +/- 0.00
Success rate: 0.00%
-----------------------------------------
| eval/                   |             |
|    mean_ep_length       | 200         |
|    mean_reward          | 2.94        |
|    success_rate         | 0           |
| time/                   |             |
|    total_timesteps      | 839664      |
| train/                  |             |
|    approx_kl            | 0.007335138 |
|    clip_fraction        | 0.0884      |
|    clip_range           | 0.2         |
|    entropy_loss         | -9.66       |
|    explained_variance   | 0.472       |
|    learning_rate        | 0.0003      |
|    loss                 | 0.85        |
|    n_updates            | 340         |
|    policy_gradient_loss | -0.00439    |
|    std                  | 0.964       |
|    value_loss           | 1.86        |
-----------------------------------------
Eval num_timesteps=859656, episode_reward=5.69 +/- 8.06
Episode length: 200.00 +/- 0.00
Success rate: 0.00%
---------------------------------
| eval/              |          |
|    mean_ep_length  | 200      |
|    mean_reward     | 5.69     |
|    success_rate    | 0        |
| time/              |          |
|    total_timesteps | 859656   |
---------------------------------
---------------------------------
| rollout/           |          |
|    ep_len_mean     | 129      |
|    ep_rew_mean     | 46.7     |
|    success_rate    | 0.45     |
| time/              |          |
|    fps             | 2991     |
|    iterations      | 35       |
|    time_elapsed    | 287      |
|    total_timesteps | 860160   |
---------------------------------
Eval num_timesteps=879648, episode_reward=15.22 +/- 22.77
Episode length: 190.40 +/- 41.85
Success rate: 5.00%
-----------------------------------------
| eval/                   |             |
|    mean_ep_length       | 190         |
|    mean_reward          | 15.2        |
|    success_rate         | 0.05        |
| time/                   |             |
|    total_timesteps      | 879648      |
| train/                  |             |
|    approx_kl            | 0.007773437 |
|    clip_fraction        | 0.0849      |
|    clip_range           | 0.2         |
|    entropy_loss         | -9.65       |
|    explained_variance   | 0.447       |
|    learning_rate        | 0.0003      |
|    loss                 | 0.855       |
|    n_updates            | 350         |
|    policy_gradient_loss | -0.00389    |
|    std                  | 0.96        |
|    value_loss           | 1.94        |
-----------------------------------------
---------------------------------
| rollout/           |          |
|    ep_len_mean     | 138      |
|    ep_rew_mean     | 42.7     |
|    success_rate    | 0.42     |
| time/              |          |
|    fps             | 2987     |
|    iterations      | 36       |
|    time_elapsed    | 296      |
|    total_timesteps | 884736   |
---------------------------------
Eval num_timesteps=899640, episode_reward=8.56 +/- 8.64
Episode length: 200.00 +/- 0.00
Success rate: 0.00%
-----------------------------------------
| eval/                   |             |
|    mean_ep_length       | 200         |
|    mean_reward          | 8.56        |
|    success_rate         | 0           |
| time/                   |             |
|    total_timesteps      | 899640      |
| train/                  |             |
|    approx_kl            | 0.007877682 |
|    clip_fraction        | 0.0878      |
|    clip_range           | 0.2         |
|    entropy_loss         | -9.63       |
|    explained_variance   | 0.473       |
|    learning_rate        | 0.0003      |
|    loss                 | 0.917       |
|    n_updates            | 360         |
|    policy_gradient_loss | -0.00401    |
|    std                  | 0.961       |
|    value_loss           | 2.02        |
-----------------------------------------
---------------------------------
| rollout/           |          |
|    ep_len_mean     | 143      |
|    ep_rew_mean     | 41.7     |
|    success_rate    | 0.4      |
| time/              |          |
|    fps             | 2985     |
|    iterations      | 37       |
|    time_elapsed    | 304      |
|    total_timesteps | 909312   |
---------------------------------
Eval num_timesteps=919632, episode_reward=5.83 +/- 7.67
Episode length: 200.00 +/- 0.00
Success rate: 0.00%
------------------------------------------
| eval/                   |              |
|    mean_ep_length       | 200          |
|    mean_reward          | 5.83         |
|    success_rate         | 0            |
| time/                   |              |
|    total_timesteps      | 919632       |
| train/                  |              |
|    approx_kl            | 0.0072890185 |
|    clip_fraction        | 0.0893       |
|    clip_range           | 0.2          |
|    entropy_loss         | -9.62        |
|    explained_variance   | 0.511        |
|    learning_rate        | 0.0003       |
|    loss                 | 0.856        |
|    n_updates            | 370          |
|    policy_gradient_loss | -0.00462     |
|    std                  | 0.957        |
|    value_loss           | 1.87         |
------------------------------------------
---------------------------------
| rollout/           |          |
|    ep_len_mean     | 124      |
|    ep_rew_mean     | 50.7     |
|    success_rate    | 0.5      |
| time/              |          |
|    fps             | 2988     |
|    iterations      | 38       |
|    time_elapsed    | 312      |
|    total_timesteps | 933888   |
---------------------------------
Eval num_timesteps=939624, episode_reward=8.36 +/- 23.85
Episode length: 190.25 +/- 42.50
Success rate: 5.00%
----------------------------------------
| eval/                   |            |
|    mean_ep_length       | 190        |
|    mean_reward          | 8.36       |
|    success_rate         | 0.05       |
| time/                   |            |
|    total_timesteps      | 939624     |
| train/                  |            |
|    approx_kl            | 0.00714013 |
|    clip_fraction        | 0.0774     |
|    clip_range           | 0.2        |
|    entropy_loss         | -9.6       |
|    explained_variance   | 0.489      |
|    learning_rate        | 0.0003     |
|    loss                 | 1.02       |
|    n_updates            | 380        |
|    policy_gradient_loss | -0.00379   |
|    std                  | 0.955      |
|    value_loss           | 2.2        |
----------------------------------------
---------------------------------
| rollout/           |          |
|    ep_len_mean     | 133      |
|    ep_rew_mean     | 48.4     |
|    success_rate    | 0.48     |
| time/              |          |
|    fps             | 2985     |
|    iterations      | 39       |
|    time_elapsed    | 321      |
|    total_timesteps | 958464   |
---------------------------------
Eval num_timesteps=959616, episode_reward=21.90 +/- 40.62
Episode length: 160.90 +/- 78.20
Success rate: 20.00%
-----------------------------------------
| eval/                   |             |
|    mean_ep_length       | 161         |
|    mean_reward          | 21.9        |
|    success_rate         | 0.2         |
| time/                   |             |
|    total_timesteps      | 959616      |
| train/                  |             |
|    approx_kl            | 0.006755592 |
|    clip_fraction        | 0.0826      |
|    clip_range           | 0.2         |
|    entropy_loss         | -9.6        |
|    explained_variance   | 0.495       |
|    learning_rate        | 0.0003      |
|    loss                 | 0.824       |
|    n_updates            | 390         |
|    policy_gradient_loss | -0.00477    |
|    std                  | 0.957       |
|    value_loss           | 1.96        |
-----------------------------------------
Eval num_timesteps=979608, episode_reward=10.13 +/- 23.16
Episode length: 190.25 +/- 42.50
Success rate: 5.00%
---------------------------------
| eval/              |          |
|    mean_ep_length  | 190      |
|    mean_reward     | 10.1     |
|    success_rate    | 0.05     |
| time/              |          |
|    total_timesteps | 979608   |
---------------------------------
---------------------------------
| rollout/           |          |
|    ep_len_mean     | 141      |
|    ep_rew_mean     | 42.9     |
|    success_rate    | 0.41     |
| time/              |          |
|    fps             | 2959     |
|    iterations      | 40       |
|    time_elapsed    | 332      |
|    total_timesteps | 983040   |
---------------------------------
Eval num_timesteps=999600, episode_reward=17.12 +/- 36.02
Episode length: 170.65 +/- 69.87
Success rate: 15.00%
------------------------------------------
| eval/                   |              |
|    mean_ep_length       | 171          |
|    mean_reward          | 17.1         |
|    success_rate         | 0.15         |
| time/                   |              |
|    total_timesteps      | 999600       |
| train/                  |              |
|    approx_kl            | 0.0072379336 |
|    clip_fraction        | 0.0906       |
|    clip_range           | 0.2          |
|    entropy_loss         | -9.6         |
|    explained_variance   | 0.488        |
|    learning_rate        | 0.0003       |
|    loss                 | 0.925        |
|    n_updates            | 400          |
|    policy_gradient_loss | -0.00411     |
|    std                  | 0.955        |
|    value_loss           | 2            |
------------------------------------------
---------------------------------
| rollout/           |          |
|    ep_len_mean     | 131      |
|    ep_rew_mean     | 53.3     |
|    success_rate    | 0.52     |
| time/              |          |
|    fps             | 2960     |
|    iterations      | 41       |
|    time_elapsed    | 340      |
|    total_timesteps | 1007616  |
---------------------------------
Eval num_timesteps=1019592, episode_reward=27.03 +/- 44.04
Episode length: 151.10 +/- 84.70
Success rate: 25.00%
-----------------------------------------
| eval/                   |             |
|    mean_ep_length       | 151         |
|    mean_reward          | 27          |
|    success_rate         | 0.25        |
| time/                   |             |
|    total_timesteps      | 1019592     |
| train/                  |             |
|    approx_kl            | 0.008116732 |
|    clip_fraction        | 0.087       |
|    clip_range           | 0.2         |
|    entropy_loss         | -9.59       |
|    explained_variance   | 0.453       |
|    learning_rate        | 0.0003      |
|    loss                 | 1.11        |
|    n_updates            | 410         |
|    policy_gradient_loss | -0.0044     |
|    std                  | 0.955       |
|    value_loss           | 2.38        |
-----------------------------------------
New best mean reward!
---------------------------------
| rollout/           |          |
|    ep_len_mean     | 146      |
|    ep_rew_mean     | 41.4     |
|    success_rate    | 0.41     |
| time/              |          |
|    fps             | 2965     |
|    iterations      | 42       |
|    time_elapsed    | 348      |
|    total_timesteps | 1032192  |
---------------------------------
Eval num_timesteps=1039584, episode_reward=6.78 +/- 22.32
Episode length: 190.20 +/- 42.72
Success rate: 5.00%
-----------------------------------------
| eval/                   |             |
|    mean_ep_length       | 190         |
|    mean_reward          | 6.78        |
|    success_rate         | 0.05        |
| time/                   |             |
|    total_timesteps      | 1039584     |
| train/                  |             |
|    approx_kl            | 0.007345944 |
|    clip_fraction        | 0.0989      |
|    clip_range           | 0.2         |
|    entropy_loss         | -9.6        |
|    explained_variance   | 0.505       |
|    learning_rate        | 0.0003      |
|    loss                 | 0.935       |
|    n_updates            | 420         |
|    policy_gradient_loss | -0.00486    |
|    std                  | 0.955       |
|    value_loss           | 1.99        |
-----------------------------------------
---------------------------------
| rollout/           |          |
|    ep_len_mean     | 137      |
|    ep_rew_mean     | 41.8     |
|    success_rate    | 0.42     |
| time/              |          |
|    fps             | 2962     |
|    iterations      | 43       |
|    time_elapsed    | 356      |
|    total_timesteps | 1056768  |
---------------------------------
Eval num_timesteps=1059576, episode_reward=12.11 +/- 30.54
Episode length: 180.45 +/- 58.65
Success rate: 10.00%
-----------------------------------------
| eval/                   |             |
|    mean_ep_length       | 180         |
|    mean_reward          | 12.1        |
|    success_rate         | 0.1         |
| time/                   |             |
|    total_timesteps      | 1059576     |
| train/                  |             |
|    approx_kl            | 0.007614435 |
|    clip_fraction        | 0.0901      |
|    clip_range           | 0.2         |
|    entropy_loss         | -9.59       |
|    explained_variance   | 0.503       |
|    learning_rate        | 0.0003      |
|    loss                 | 0.983       |
|    n_updates            | 430         |
|    policy_gradient_loss | -0.00407    |
|    std                  | 0.954       |
|    value_loss           | 2           |
-----------------------------------------
Eval num_timesteps=1079568, episode_reward=6.63 +/- 22.22
Episode length: 190.20 +/- 42.72
Success rate: 5.00%
---------------------------------
| eval/              |          |
|    mean_ep_length  | 190      |
|    mean_reward     | 6.63     |
|    success_rate    | 0.05     |
| time/              |          |
|    total_timesteps | 1079568  |
---------------------------------
---------------------------------
| rollout/           |          |
|    ep_len_mean     | 153      |
|    ep_rew_mean     | 34.5     |
|    success_rate    | 0.34     |
| time/              |          |
|    fps             | 2934     |
|    iterations      | 44       |
|    time_elapsed    | 368      |
|    total_timesteps | 1081344  |
---------------------------------
Eval num_timesteps=1099560, episode_reward=3.59 +/- 7.32
Episode length: 200.00 +/- 0.00
Success rate: 0.00%
----------------------------------------
| eval/                   |            |
|    mean_ep_length       | 200        |
|    mean_reward          | 3.59       |
|    success_rate         | 0          |
| time/                   |            |
|    total_timesteps      | 1099560    |
| train/                  |            |
|    approx_kl            | 0.00847784 |
|    clip_fraction        | 0.0898     |
|    clip_range           | 0.2        |
|    entropy_loss         | -9.59      |
|    explained_variance   | 0.483      |
|    learning_rate        | 0.0003     |
|    loss                 | 0.861      |
|    n_updates            | 440        |
|    policy_gradient_loss | -0.00449   |
|    std                  | 0.954      |
|    value_loss           | 1.82       |
----------------------------------------
---------------------------------
| rollout/           |          |
|    ep_len_mean     | 120      |
|    ep_rew_mean     | 55.2     |
|    success_rate    | 0.54     |
| time/              |          |
|    fps             | 2926     |
|    iterations      | 45       |
|    time_elapsed    | 377      |
|    total_timesteps | 1105920  |
---------------------------------
Eval num_timesteps=1119552, episode_reward=0.08 +/- 3.07
Episode length: 200.00 +/- 0.00
Success rate: 0.00%
------------------------------------------
| eval/                   |              |
|    mean_ep_length       | 200          |
|    mean_reward          | 0.0768       |
|    success_rate         | 0            |
| time/                   |              |
|    total_timesteps      | 1119552      |
| train/                  |              |
|    approx_kl            | 0.0071930178 |
|    clip_fraction        | 0.0847       |
|    clip_range           | 0.2          |
|    entropy_loss         | -9.58        |
|    explained_variance   | 0.458        |
|    learning_rate        | 0.0003       |
|    loss                 | 0.966        |
|    n_updates            | 450          |
|    policy_gradient_loss | -0.00401     |
|    std                  | 0.952        |
|    value_loss           | 2.25         |
------------------------------------------
---------------------------------
| rollout/           |          |
|    ep_len_mean     | 126      |
|    ep_rew_mean     | 50.3     |
|    success_rate    | 0.49     |
| time/              |          |
|    fps             | 2921     |
|    iterations      | 46       |
|    time_elapsed    | 387      |
|    total_timesteps | 1130496  |
---------------------------------
Eval num_timesteps=1139544, episode_reward=1.85 +/- 2.99
Episode length: 200.00 +/- 0.00
Success rate: 0.00%
-----------------------------------------
| eval/                   |             |
|    mean_ep_length       | 200         |
|    mean_reward          | 1.85        |
|    success_rate         | 0           |
| time/                   |             |
|    total_timesteps      | 1139544     |
| train/                  |             |
|    approx_kl            | 0.007929546 |
|    clip_fraction        | 0.0956      |
|    clip_range           | 0.2         |
|    entropy_loss         | -9.58       |
|    explained_variance   | 0.472       |
|    learning_rate        | 0.0003      |
|    loss                 | 1.08        |
|    n_updates            | 460         |
|    policy_gradient_loss | -0.00381    |
|    std                  | 0.953       |
|    value_loss           | 2.22        |
-----------------------------------------
---------------------------------
| rollout/           |          |
|    ep_len_mean     | 123      |
|    ep_rew_mean     | 51.7     |
|    success_rate    | 0.51     |
| time/              |          |
|    fps             | 2923     |
|    iterations      | 47       |
|    time_elapsed    | 395      |
|    total_timesteps | 1155072  |
---------------------------------
Eval num_timesteps=1159536, episode_reward=1.39 +/- 1.20
Episode length: 200.00 +/- 0.00
Success rate: 0.00%
-----------------------------------------
| eval/                   |             |
|    mean_ep_length       | 200         |
|    mean_reward          | 1.39        |
|    success_rate         | 0           |
| time/                   |             |
|    total_timesteps      | 1159536     |
| train/                  |             |
|    approx_kl            | 0.007777545 |
|    clip_fraction        | 0.0849      |
|    clip_range           | 0.2         |
|    entropy_loss         | -9.58       |
|    explained_variance   | 0.447       |
|    learning_rate        | 0.0003      |
|    loss                 | 1.17        |
|    n_updates            | 470         |
|    policy_gradient_loss | -0.00353    |
|    std                  | 0.953       |
|    value_loss           | 2.37        |
-----------------------------------------
Eval num_timesteps=1179528, episode_reward=5.79 +/- 22.25
Episode length: 190.20 +/- 42.72
Success rate: 5.00%
---------------------------------
| eval/              |          |
|    mean_ep_length  | 190      |
|    mean_reward     | 5.79     |
|    success_rate    | 0.05     |
| time/              |          |
|    total_timesteps | 1179528  |
---------------------------------
---------------------------------
| rollout/           |          |
|    ep_len_mean     | 126      |
|    ep_rew_mean     | 48.7     |
|    success_rate    | 0.47     |
| time/              |          |
|    fps             | 2907     |
|    iterations      | 48       |
|    time_elapsed    | 405      |
|    total_timesteps | 1179648  |
---------------------------------
Eval num_timesteps=1199520, episode_reward=8.31 +/- 22.58
Episode length: 190.20 +/- 42.72
Success rate: 5.00%
-----------------------------------------
| eval/                   |             |
|    mean_ep_length       | 190         |
|    mean_reward          | 8.31        |
|    success_rate         | 0.05        |
| time/                   |             |
|    total_timesteps      | 1199520     |
| train/                  |             |
|    approx_kl            | 0.008178147 |
|    clip_fraction        | 0.0918      |
|    clip_range           | 0.2         |
|    entropy_loss         | -9.57       |
|    explained_variance   | 0.485       |
|    learning_rate        | 0.0003      |
|    loss                 | 0.941       |
|    n_updates            | 480         |
|    policy_gradient_loss | -0.00476    |
|    std                  | 0.95        |
|    value_loss           | 2.02        |
-----------------------------------------
---------------------------------
| rollout/           |          |
|    ep_len_mean     | 135      |
|    ep_rew_mean     | 46.1     |
|    success_rate    | 0.45     |
| time/              |          |
|    fps             | 2910     |
|    iterations      | 49       |
|    time_elapsed    | 413      |
|    total_timesteps | 1204224  |
---------------------------------
Eval num_timesteps=1219512, episode_reward=2.27 +/- 4.09
Episode length: 200.00 +/- 0.00
Success rate: 0.00%
-----------------------------------------
| eval/                   |             |
|    mean_ep_length       | 200         |
|    mean_reward          | 2.27        |
|    success_rate         | 0           |
| time/                   |             |
|    total_timesteps      | 1219512     |
| train/                  |             |
|    approx_kl            | 0.007435132 |
|    clip_fraction        | 0.0912      |
|    clip_range           | 0.2         |
|    entropy_loss         | -9.55       |
|    explained_variance   | 0.481       |
|    learning_rate        | 0.0003      |
|    loss                 | 0.998       |
|    n_updates            | 490         |
|    policy_gradient_loss | -0.0041     |
|    std                  | 0.949       |
|    value_loss           | 2.2         |
-----------------------------------------
---------------------------------
| rollout/           |          |
|    ep_len_mean     | 134      |
|    ep_rew_mean     | 48.5     |
|    success_rate    | 0.48     |
| time/              |          |
|    fps             | 2906     |
|    iterations      | 50       |
|    time_elapsed    | 422      |
|    total_timesteps | 1228800  |
---------------------------------
Eval num_timesteps=1239504, episode_reward=6.69 +/- 22.44
Episode length: 190.20 +/- 42.72
Success rate: 5.00%
-----------------------------------------
| eval/                   |             |
|    mean_ep_length       | 190         |
|    mean_reward          | 6.69        |
|    success_rate         | 0.05        |
| time/                   |             |
|    total_timesteps      | 1239504     |
| train/                  |             |
|    approx_kl            | 0.007838393 |
|    clip_fraction        | 0.092       |
|    clip_range           | 0.2         |
|    entropy_loss         | -9.54       |
|    explained_variance   | 0.514       |
|    learning_rate        | 0.0003      |
|    loss                 | 0.951       |
|    n_updates            | 500         |
|    policy_gradient_loss | -0.00504    |
|    std                  | 0.948       |
|    value_loss           | 1.97        |
-----------------------------------------
---------------------------------
| rollout/           |          |
|    ep_len_mean     | 134      |
|    ep_rew_mean     | 46.6     |
|    success_rate    | 0.46     |
| time/              |          |
|    fps             | 2911     |
|    iterations      | 51       |
|    time_elapsed    | 430      |
|    total_timesteps | 1253376  |
---------------------------------
Eval num_timesteps=1259496, episode_reward=26.81 +/- 43.78
Episode length: 151.20 +/- 84.52
Success rate: 25.00%
---------------------------------------
| eval/                   |           |
|    mean_ep_length       | 151       |
|    mean_reward          | 26.8      |
|    success_rate         | 0.25      |
| time/                   |           |
|    total_timesteps      | 1259496   |
| train/                  |           |
|    approx_kl            | 0.0078923 |
|    clip_fraction        | 0.102     |
|    clip_range           | 0.2       |
|    entropy_loss         | -9.55     |
|    explained_variance   | 0.459     |
|    learning_rate        | 0.0003    |
|    loss                 | 1.03      |
|    n_updates            | 510       |
|    policy_gradient_loss | -0.00443  |
|    std                  | 0.949     |
|    value_loss           | 2.26      |
---------------------------------------
---------------------------------
| rollout/           |          |
|    ep_len_mean     | 136      |
|    ep_rew_mean     | 46.3     |
|    success_rate    | 0.46     |
| time/              |          |
|    fps             | 2916     |
|    iterations      | 52       |
|    time_elapsed    | 438      |
|    total_timesteps | 1277952  |
---------------------------------
Eval num_timesteps=1279488, episode_reward=16.46 +/- 36.11
Episode length: 170.60 +/- 69.99
Success rate: 15.00%
-----------------------------------------
| eval/                   |             |
|    mean_ep_length       | 171         |
|    mean_reward          | 16.5        |
|    success_rate         | 0.15        |
| time/                   |             |
|    total_timesteps      | 1279488     |
| train/                  |             |
|    approx_kl            | 0.008030596 |
|    clip_fraction        | 0.0969      |
|    clip_range           | 0.2         |
|    entropy_loss         | -9.54       |
|    explained_variance   | 0.49        |
|    learning_rate        | 0.0003      |
|    loss                 | 0.892       |
|    n_updates            | 520         |
|    policy_gradient_loss | -0.00547    |
|    std                  | 0.947       |
|    value_loss           | 2           |
-----------------------------------------
Eval num_timesteps=1299480, episode_reward=0.15 +/- 1.41
Episode length: 200.00 +/- 0.00
Success rate: 0.00%
---------------------------------
| eval/              |          |
|    mean_ep_length  | 200      |
|    mean_reward     | 0.152    |
|    success_rate    | 0        |
| time/              |          |
|    total_timesteps | 1299480  |
---------------------------------
---------------------------------
| rollout/           |          |
|    ep_len_mean     | 121      |
|    ep_rew_mean     | 51       |
|    success_rate    | 0.51     |
| time/              |          |
|    fps             | 2899     |
|    iterations      | 53       |
|    time_elapsed    | 449      |
|    total_timesteps | 1302528  |
---------------------------------
Eval num_timesteps=1319472, episode_reward=6.59 +/- 22.53
Episode length: 190.25 +/- 42.50
Success rate: 5.00%
-----------------------------------------
| eval/                   |             |
|    mean_ep_length       | 190         |
|    mean_reward          | 6.59        |
|    success_rate         | 0.05        |
| time/                   |             |
|    total_timesteps      | 1319472     |
| train/                  |             |
|    approx_kl            | 0.009090147 |
|    clip_fraction        | 0.111       |
|    clip_range           | 0.2         |
|    entropy_loss         | -9.53       |
|    explained_variance   | 0.501       |
|    learning_rate        | 0.0003      |
|    loss                 | 1.19        |
|    n_updates            | 530         |
|    policy_gradient_loss | -0.00406    |
|    std                  | 0.945       |
|    value_loss           | 2.17        |
-----------------------------------------
---------------------------------
| rollout/           |          |
|    ep_len_mean     | 129      |
|    ep_rew_mean     | 47.6     |
|    success_rate    | 0.47     |
| time/              |          |
|    fps             | 2897     |
|    iterations      | 54       |
|    time_elapsed    | 458      |
|    total_timesteps | 1327104  |
---------------------------------
Eval num_timesteps=1339464, episode_reward=10.06 +/- 30.99
Episode length: 180.40 +/- 58.80
Success rate: 10.00%
------------------------------------------
| eval/                   |              |
|    mean_ep_length       | 180          |
|    mean_reward          | 10.1         |
|    success_rate         | 0.1          |
| time/                   |              |
|    total_timesteps      | 1339464      |
| train/                  |              |
|    approx_kl            | 0.0077344715 |
|    clip_fraction        | 0.0863       |
|    clip_range           | 0.2          |
|    entropy_loss         | -9.51        |
|    explained_variance   | 0.472        |
|    learning_rate        | 0.0003       |
|    loss                 | 1.05         |
|    n_updates            | 540          |
|    policy_gradient_loss | -0.00372     |
|    std                  | 0.944        |
|    value_loss           | 2.2          |
------------------------------------------
---------------------------------
| rollout/           |          |
|    ep_len_mean     | 127      |
|    ep_rew_mean     | 49.8     |
|    success_rate    | 0.49     |
| time/              |          |
|    fps             | 2893     |
|    iterations      | 55       |
|    time_elapsed    | 467      |
|    total_timesteps | 1351680  |
---------------------------------
Eval num_timesteps=1359456, episode_reward=9.31 +/- 31.35
Episode length: 180.50 +/- 58.50
Success rate: 10.00%
------------------------------------------
| eval/                   |              |
|    mean_ep_length       | 180          |
|    mean_reward          | 9.31         |
|    success_rate         | 0.1          |
| time/                   |              |
|    total_timesteps      | 1359456      |
| train/                  |              |
|    approx_kl            | 0.0070678773 |
|    clip_fraction        | 0.0812       |
|    clip_range           | 0.2          |
|    entropy_loss         | -9.52        |
|    explained_variance   | 0.473        |
|    learning_rate        | 0.0003       |
|    loss                 | 1.09         |
|    n_updates            | 550          |
|    policy_gradient_loss | -0.00433     |
|    std                  | 0.945        |
|    value_loss           | 2.33         |
------------------------------------------
---------------------------------
| rollout/           |          |
|    ep_len_mean     | 121      |
|    ep_rew_mean     | 56.1     |
|    success_rate    | 0.55     |
| time/              |          |
|    fps             | 2889     |
|    iterations      | 56       |
|    time_elapsed    | 476      |
|    total_timesteps | 1376256  |
---------------------------------
Eval num_timesteps=1379448, episode_reward=10.32 +/- 30.76
Episode length: 180.45 +/- 58.65
Success rate: 10.00%
------------------------------------------
| eval/                   |              |
|    mean_ep_length       | 180          |
|    mean_reward          | 10.3         |
|    success_rate         | 0.1          |
| time/                   |              |
|    total_timesteps      | 1379448      |
| train/                  |              |
|    approx_kl            | 0.0075223255 |
|    clip_fraction        | 0.0885       |
|    clip_range           | 0.2          |
|    entropy_loss         | -9.52        |
|    explained_variance   | 0.496        |
|    learning_rate        | 0.0003       |
|    loss                 | 1.1          |
|    n_updates            | 560          |
|    policy_gradient_loss | -0.00367     |
|    std                  | 0.945        |
|    value_loss           | 2.3          |
------------------------------------------
Eval num_timesteps=1399440, episode_reward=10.88 +/- 30.80
Episode length: 180.45 +/- 58.65
Success rate: 10.00%
---------------------------------
| eval/              |          |
|    mean_ep_length  | 180      |
|    mean_reward     | 10.9     |
|    success_rate    | 0.1      |
| time/              |          |
|    total_timesteps | 1399440  |
---------------------------------
---------------------------------
| rollout/           |          |
|    ep_len_mean     | 118      |
|    ep_rew_mean     | 53.1     |
|    success_rate    | 0.52     |
| time/              |          |
|    fps             | 2871     |
|    iterations      | 57       |
|    time_elapsed    | 487      |
|    total_timesteps | 1400832  |
---------------------------------
Eval num_timesteps=1419432, episode_reward=0.18 +/- 2.67
Episode length: 200.00 +/- 0.00
Success rate: 0.00%
-----------------------------------------
| eval/                   |             |
|    mean_ep_length       | 200         |
|    mean_reward          | 0.178       |
|    success_rate         | 0           |
| time/                   |             |
|    total_timesteps      | 1419432     |
| train/                  |             |
|    approx_kl            | 0.008601933 |
|    clip_fraction        | 0.112       |
|    clip_range           | 0.2         |
|    entropy_loss         | -9.52       |
|    explained_variance   | 0.511       |
|    learning_rate        | 0.0003      |
|    loss                 | 1.05        |
|    n_updates            | 570         |
|    policy_gradient_loss | -0.00475    |
|    std                  | 0.946       |
|    value_loss           | 2.2         |
-----------------------------------------
---------------------------------
| rollout/           |          |
|    ep_len_mean     | 120      |
|    ep_rew_mean     | 50.9     |
|    success_rate    | 0.5      |
| time/              |          |
|    fps             | 2868     |
|    iterations      | 58       |
|    time_elapsed    | 496      |
|    total_timesteps | 1425408  |
---------------------------------
Eval num_timesteps=1439424, episode_reward=3.78 +/- 22.85
Episode length: 190.20 +/- 42.72
Success rate: 5.00%
------------------------------------------
| eval/                   |              |
|    mean_ep_length       | 190          |
|    mean_reward          | 3.78         |
|    success_rate         | 0.05         |
| time/                   |              |
|    total_timesteps      | 1439424      |
| train/                  |              |
|    approx_kl            | 0.0077422536 |
|    clip_fraction        | 0.101        |
|    clip_range           | 0.2          |
|    entropy_loss         | -9.53        |
|    explained_variance   | 0.53         |
|    learning_rate        | 0.0003       |
|    loss                 | 0.871        |
|    n_updates            | 580          |
|    policy_gradient_loss | -0.00443     |
|    std                  | 0.947        |
|    value_loss           | 2.13         |
------------------------------------------
---------------------------------
| rollout/           |          |
|    ep_len_mean     | 118      |
|    ep_rew_mean     | 53.1     |
|    success_rate    | 0.52     |
| time/              |          |
|    fps             | 2864     |
|    iterations      | 59       |
|    time_elapsed    | 506      |
|    total_timesteps | 1449984  |
---------------------------------
Eval num_timesteps=1459416, episode_reward=14.88 +/- 36.86
Episode length: 170.65 +/- 69.87
Success rate: 15.00%
-----------------------------------------
| eval/                   |             |
|    mean_ep_length       | 171         |
|    mean_reward          | 14.9        |
|    success_rate         | 0.15        |
| time/                   |             |
|    total_timesteps      | 1459416     |
| train/                  |             |
|    approx_kl            | 0.007279359 |
|    clip_fraction        | 0.0893      |
|    clip_range           | 0.2         |
|    entropy_loss         | -9.53       |
|    explained_variance   | 0.517       |
|    learning_rate        | 0.0003      |
|    loss                 | 1.07        |
|    n_updates            | 590         |
|    policy_gradient_loss | -0.00484    |
|    std                  | 0.947       |
|    value_loss           | 2.27        |
-----------------------------------------
---------------------------------
| rollout/           |          |
|    ep_len_mean     | 120      |
|    ep_rew_mean     | 53.2     |
|    success_rate    | 0.52     |
| time/              |          |
|    fps             | 2862     |
|    iterations      | 60       |
|    time_elapsed    | 515      |
|    total_timesteps | 1474560  |
---------------------------------
Eval num_timesteps=1479408, episode_reward=4.15 +/- 22.66
Episode length: 190.20 +/- 42.72
Success rate: 5.00%
-----------------------------------------
| eval/                   |             |
|    mean_ep_length       | 190         |
|    mean_reward          | 4.15        |
|    success_rate         | 0.05        |
| time/                   |             |
|    total_timesteps      | 1479408     |
| train/                  |             |
|    approx_kl            | 0.007825642 |
|    clip_fraction        | 0.0859      |
|    clip_range           | 0.2         |
|    entropy_loss         | -9.52       |
|    explained_variance   | 0.541       |
|    learning_rate        | 0.0003      |
|    loss                 | 0.999       |
|    n_updates            | 600         |
|    policy_gradient_loss | -0.00411    |
|    std                  | 0.945       |
|    value_loss           | 2.19        |
-----------------------------------------
---------------------------------
| rollout/           |          |
|    ep_len_mean     | 119      |
|    ep_rew_mean     | 54.1     |
|    success_rate    | 0.53     |
| time/              |          |
|    fps             | 2860     |
|    iterations      | 61       |
|    time_elapsed    | 524      |
|    total_timesteps | 1499136  |
---------------------------------
Eval num_timesteps=1499400, episode_reward=0.36 +/- 0.74
Episode length: 200.00 +/- 0.00
Success rate: 0.00%
------------------------------------------
| eval/                   |              |
|    mean_ep_length       | 200          |
|    mean_reward          | 0.36         |
|    success_rate         | 0            |
| time/                   |              |
|    total_timesteps      | 1499400      |
| train/                  |              |
|    approx_kl            | 0.0075264773 |
|    clip_fraction        | 0.0859       |
|    clip_range           | 0.2          |
|    entropy_loss         | -9.51        |
|    explained_variance   | 0.549        |
|    learning_rate        | 0.0003       |
|    loss                 | 1.04         |
|    n_updates            | 610          |
|    policy_gradient_loss | -0.00403     |
|    std                  | 0.945        |
|    value_loss           | 2.16         |
------------------------------------------
Eval num_timesteps=1519392, episode_reward=5.61 +/- 22.11
Episode length: 190.20 +/- 42.72
Success rate: 5.00%
---------------------------------
| eval/              |          |
|    mean_ep_length  | 190      |
|    mean_reward     | 5.61     |
|    success_rate    | 0.05     |
| time/              |          |
|    total_timesteps | 1519392  |
---------------------------------
---------------------------------
| rollout/           |          |
|    ep_len_mean     | 135      |
|    ep_rew_mean     | 45.3     |
|    success_rate    | 0.45     |
| time/              |          |
|    fps             | 2844     |
|    iterations      | 62       |
|    time_elapsed    | 535      |
|    total_timesteps | 1523712  |
---------------------------------
Eval num_timesteps=1539384, episode_reward=1.85 +/- 4.54
Episode length: 200.00 +/- 0.00
Success rate: 0.00%
-----------------------------------------
| eval/                   |             |
|    mean_ep_length       | 200         |
|    mean_reward          | 1.85        |
|    success_rate         | 0           |
| time/                   |             |
|    total_timesteps      | 1539384     |
| train/                  |             |
|    approx_kl            | 0.008605484 |
|    clip_fraction        | 0.0828      |
|    clip_range           | 0.2         |
|    entropy_loss         | -9.51       |
|    explained_variance   | 0.532       |
|    learning_rate        | 0.0003      |
|    loss                 | 1.05        |
|    n_updates            | 620         |
|    policy_gradient_loss | -0.00387    |
|    std                  | 0.944       |
|    value_loss           | 2.17        |
-----------------------------------------
---------------------------------
| rollout/           |          |
|    ep_len_mean     | 123      |
|    ep_rew_mean     | 48.1     |
|    success_rate    | 0.48     |
| time/              |          |
|    fps             | 2845     |
|    iterations      | 63       |
|    time_elapsed    | 544      |
|    total_timesteps | 1548288  |
---------------------------------
Eval num_timesteps=1559376, episode_reward=1.15 +/- 1.71
Episode length: 200.00 +/- 0.00
Success rate: 0.00%
------------------------------------------
| eval/                   |              |
|    mean_ep_length       | 200          |
|    mean_reward          | 1.15         |
|    success_rate         | 0            |
| time/                   |              |
|    total_timesteps      | 1559376      |
| train/                  |              |
|    approx_kl            | 0.0077943145 |
|    clip_fraction        | 0.105        |
|    clip_range           | 0.2          |
|    entropy_loss         | -9.5         |
|    explained_variance   | 0.529        |
|    learning_rate        | 0.0003       |
|    loss                 | 1.08         |
|    n_updates            | 630          |
|    policy_gradient_loss | -0.00448     |
|    std                  | 0.944        |
|    value_loss           | 2.21         |
------------------------------------------
---------------------------------
| rollout/           |          |
|    ep_len_mean     | 104      |
|    ep_rew_mean     | 64.8     |
|    success_rate    | 0.63     |
| time/              |          |
|    fps             | 2845     |
|    iterations      | 64       |
|    time_elapsed    | 552      |
|    total_timesteps | 1572864  |
---------------------------------
Eval num_timesteps=1579368, episode_reward=2.93 +/- 3.06
Episode length: 200.00 +/- 0.00
Success rate: 0.00%
-----------------------------------------
| eval/                   |             |
|    mean_ep_length       | 200         |
|    mean_reward          | 2.93        |
|    success_rate         | 0           |
| time/                   |             |
|    total_timesteps      | 1579368     |
| train/                  |             |
|    approx_kl            | 0.008397621 |
|    clip_fraction        | 0.101       |
|    clip_range           | 0.2         |
|    entropy_loss         | -9.49       |
|    explained_variance   | 0.523       |
|    learning_rate        | 0.0003      |
|    loss                 | 1.19        |
|    n_updates            | 640         |
|    policy_gradient_loss | -0.00485    |
|    std                  | 0.941       |
|    value_loss           | 2.53        |
-----------------------------------------
---------------------------------
| rollout/           |          |
|    ep_len_mean     | 117      |
|    ep_rew_mean     | 54.3     |
|    success_rate    | 0.54     |
| time/              |          |
|    fps             | 2842     |
|    iterations      | 65       |
|    time_elapsed    | 561      |
|    total_timesteps | 1597440  |
---------------------------------
Eval num_timesteps=1599360, episode_reward=7.90 +/- 22.25
Episode length: 190.40 +/- 41.85
Success rate: 5.00%
-----------------------------------------
| eval/                   |             |
|    mean_ep_length       | 190         |
|    mean_reward          | 7.9         |
|    success_rate         | 0.05        |
| time/                   |             |
|    total_timesteps      | 1599360     |
| train/                  |             |
|    approx_kl            | 0.007622641 |
|    clip_fraction        | 0.0943      |
|    clip_range           | 0.2         |
|    entropy_loss         | -9.48       |
|    explained_variance   | 0.551       |
|    learning_rate        | 0.0003      |
|    loss                 | 1.06        |
|    n_updates            | 650         |
|    policy_gradient_loss | -0.0048     |
|    std                  | 0.942       |
|    value_loss           | 2.21        |
-----------------------------------------
Eval num_timesteps=1619352, episode_reward=4.07 +/- 1.49
Episode length: 200.00 +/- 0.00
Success rate: 0.00%
---------------------------------
| eval/              |          |
|    mean_ep_length  | 200      |
|    mean_reward     | 4.07     |
|    success_rate    | 0        |
| time/              |          |
|    total_timesteps | 1619352  |
---------------------------------
---------------------------------
| rollout/           |          |
|    ep_len_mean     | 114      |
|    ep_rew_mean     | 57.7     |
|    success_rate    | 0.56     |
| time/              |          |
|    fps             | 2829     |
|    iterations      | 66       |
|    time_elapsed    | 573      |
|    total_timesteps | 1622016  |
---------------------------------
Eval num_timesteps=1639344, episode_reward=15.15 +/- 30.02
Episode length: 180.65 +/- 58.05
Success rate: 10.00%
-----------------------------------------
| eval/                   |             |
|    mean_ep_length       | 181         |
|    mean_reward          | 15.1        |
|    success_rate         | 0.1         |
| time/                   |             |
|    total_timesteps      | 1639344     |
| train/                  |             |
|    approx_kl            | 0.008481053 |
|    clip_fraction        | 0.0909      |
|    clip_range           | 0.2         |
|    entropy_loss         | -9.48       |
|    explained_variance   | 0.54        |
|    learning_rate        | 0.0003      |
|    loss                 | 1.03        |
|    n_updates            | 660         |
|    policy_gradient_loss | -0.0041     |
|    std                  | 0.942       |
|    value_loss           | 2.12        |
-----------------------------------------
---------------------------------
| rollout/           |          |
|    ep_len_mean     | 123      |
|    ep_rew_mean     | 52.1     |
|    success_rate    | 0.51     |
| time/              |          |
|    fps             | 2829     |
|    iterations      | 67       |
|    time_elapsed    | 581      |
|    total_timesteps | 1646592  |
---------------------------------
Eval num_timesteps=1659336, episode_reward=7.86 +/- 22.37
Episode length: 190.40 +/- 41.85
Success rate: 5.00%
------------------------------------------
| eval/                   |              |
|    mean_ep_length       | 190          |
|    mean_reward          | 7.86         |
|    success_rate         | 0.05         |
| time/                   |              |
|    total_timesteps      | 1659336      |
| train/                  |              |
|    approx_kl            | 0.0065173446 |
|    clip_fraction        | 0.0761       |
|    clip_range           | 0.2          |
|    entropy_loss         | -9.48        |
|    explained_variance   | 0.513        |
|    learning_rate        | 0.0003       |
|    loss                 | 0.91         |
|    n_updates            | 670          |
|    policy_gradient_loss | -0.00414     |
|    std                  | 0.941        |
|    value_loss           | 2.07         |
------------------------------------------
---------------------------------
| rollout/           |          |
|    ep_len_mean     | 129      |
|    ep_rew_mean     | 45.5     |
|    success_rate    | 0.46     |
| time/              |          |
|    fps             | 2829     |
|    iterations      | 68       |
|    time_elapsed    | 590      |
|    total_timesteps | 1671168  |
---------------------------------
Eval num_timesteps=1679328, episode_reward=17.49 +/- 36.70
Episode length: 174.70 +/- 60.54
Success rate: 15.00%
-----------------------------------------
| eval/                   |             |
|    mean_ep_length       | 175         |
|    mean_reward          | 17.5        |
|    success_rate         | 0.15        |
| time/                   |             |
|    total_timesteps      | 1679328     |
| train/                  |             |
|    approx_kl            | 0.008957362 |
|    clip_fraction        | 0.0974      |
|    clip_range           | 0.2         |
|    entropy_loss         | -9.48       |
|    explained_variance   | 0.483       |
|    learning_rate        | 0.0003      |
|    loss                 | 1.11        |
|    n_updates            | 680         |
|    policy_gradient_loss | -0.00398    |
|    std                  | 0.942       |
|    value_loss           | 2.28        |
-----------------------------------------
---------------------------------
| rollout/           |          |
|    ep_len_mean     | 130      |
|    ep_rew_mean     | 47       |
|    success_rate    | 0.46     |
| time/              |          |
|    fps             | 2828     |
|    iterations      | 69       |
|    time_elapsed    | 599      |
|    total_timesteps | 1695744  |
---------------------------------
Eval num_timesteps=1699320, episode_reward=7.45 +/- 22.73
Episode length: 190.40 +/- 41.85
Success rate: 5.00%
------------------------------------------
| eval/                   |              |
|    mean_ep_length       | 190          |
|    mean_reward          | 7.45         |
|    success_rate         | 0.05         |
| time/                   |              |
|    total_timesteps      | 1699320      |
| train/                  |              |
|    approx_kl            | 0.0086924285 |
|    clip_fraction        | 0.0996       |
|    clip_range           | 0.2          |
|    entropy_loss         | -9.47        |
|    explained_variance   | 0.522        |
|    learning_rate        | 0.0003       |
|    loss                 | 1.06         |
|    n_updates            | 690          |
|    policy_gradient_loss | -0.00448     |
|    std                  | 0.94         |
|    value_loss           | 2.33         |
------------------------------------------
Eval num_timesteps=1719312, episode_reward=22.92 +/- 41.01
Episode length: 161.80 +/- 76.42
Success rate: 20.00%
---------------------------------
| eval/              |          |
|    mean_ep_length  | 162      |
|    mean_reward     | 22.9     |
|    success_rate    | 0.2      |
| time/              |          |
|    total_timesteps | 1719312  |
---------------------------------
---------------------------------
| rollout/           |          |
|    ep_len_mean     | 115      |
|    ep_rew_mean     | 56.7     |
|    success_rate    | 0.55     |
| time/              |          |
|    fps             | 2818     |
|    iterations      | 70       |
|    time_elapsed    | 610      |
|    total_timesteps | 1720320  |
---------------------------------
Eval num_timesteps=1739304, episode_reward=6.90 +/- 22.52
Episode length: 191.40 +/- 37.49
Success rate: 5.00%
-----------------------------------------
| eval/                   |             |
|    mean_ep_length       | 191         |
|    mean_reward          | 6.9         |
|    success_rate         | 0.05        |
| time/                   |             |
|    total_timesteps      | 1739304     |
| train/                  |             |
|    approx_kl            | 0.007843215 |
|    clip_fraction        | 0.0825      |
|    clip_range           | 0.2         |
|    entropy_loss         | -9.46       |
|    explained_variance   | 0.515       |
|    learning_rate        | 0.0003      |
|    loss                 | 1.12        |
|    n_updates            | 700         |
|    policy_gradient_loss | -0.00409    |
|    std                  | 0.94        |
|    value_loss           | 2.22        |
-----------------------------------------
---------------------------------
| rollout/           |          |
|    ep_len_mean     | 117      |
|    ep_rew_mean     | 50.8     |
|    success_rate    | 0.51     |
| time/              |          |
|    fps             | 2815     |
|    iterations      | 71       |
|    time_elapsed    | 619      |
|    total_timesteps | 1744896  |
---------------------------------
Eval num_timesteps=1759296, episode_reward=13.10 +/- 30.52
Episode length: 180.85 +/- 57.47
Success rate: 10.00%
-----------------------------------------
| eval/                   |             |
|    mean_ep_length       | 181         |
|    mean_reward          | 13.1        |
|    success_rate         | 0.1         |
| time/                   |             |
|    total_timesteps      | 1759296     |
| train/                  |             |
|    approx_kl            | 0.007736579 |
|    clip_fraction        | 0.0977      |
|    clip_range           | 0.2         |
|    entropy_loss         | -9.46       |
|    explained_variance   | 0.522       |
|    learning_rate        | 0.0003      |
|    loss                 | 1.12        |
|    n_updates            | 710         |
|    policy_gradient_loss | -0.00472    |
|    std                  | 0.94        |
|    value_loss           | 2.2         |
-----------------------------------------
---------------------------------
| rollout/           |          |
|    ep_len_mean     | 113      |
|    ep_rew_mean     | 55.6     |
|    success_rate    | 0.55     |
| time/              |          |
|    fps             | 2813     |
|    iterations      | 72       |
|    time_elapsed    | 628      |
|    total_timesteps | 1769472  |
---------------------------------
Eval num_timesteps=1779288, episode_reward=23.94 +/- 40.09
Episode length: 163.45 +/- 73.21
Success rate: 20.00%
-----------------------------------------
| eval/                   |             |
|    mean_ep_length       | 163         |
|    mean_reward          | 23.9        |
|    success_rate         | 0.2         |
| time/                   |             |
|    total_timesteps      | 1779288     |
| train/                  |             |
|    approx_kl            | 0.008704678 |
|    clip_fraction        | 0.104       |
|    clip_range           | 0.2         |
|    entropy_loss         | -9.44       |
|    explained_variance   | 0.525       |
|    learning_rate        | 0.0003      |
|    loss                 | 1.08        |
|    n_updates            | 720         |
|    policy_gradient_loss | -0.00504    |
|    std                  | 0.936       |
|    value_loss           | 2.31        |
-----------------------------------------
---------------------------------
| rollout/           |          |
|    ep_len_mean     | 127      |
|    ep_rew_mean     | 43.8     |
|    success_rate    | 0.43     |
| time/              |          |
|    fps             | 2811     |
|    iterations      | 73       |
|    time_elapsed    | 638      |
|    total_timesteps | 1794048  |
---------------------------------
Eval num_timesteps=1799280, episode_reward=8.00 +/- 22.90
Episode length: 191.25 +/- 38.14
Success rate: 5.00%
-----------------------------------------
| eval/                   |             |
|    mean_ep_length       | 191         |
|    mean_reward          | 8           |
|    success_rate         | 0.05        |
| time/                   |             |
|    total_timesteps      | 1799280     |
| train/                  |             |
|    approx_kl            | 0.007646825 |
|    clip_fraction        | 0.0801      |
|    clip_range           | 0.2         |
|    entropy_loss         | -9.44       |
|    explained_variance   | 0.52        |
|    learning_rate        | 0.0003      |
|    loss                 | 0.912       |
|    n_updates            | 730         |
|    policy_gradient_loss | -0.00495    |
|    std                  | 0.937       |
|    value_loss           | 2.08        |
-----------------------------------------
---------------------------------
| rollout/           |          |
|    ep_len_mean     | 120      |
|    ep_rew_mean     | 57.2     |
|    success_rate    | 0.55     |
| time/              |          |
|    fps             | 2810     |
|    iterations      | 74       |
|    time_elapsed    | 647      |
|    total_timesteps | 1818624  |
---------------------------------
Eval num_timesteps=1819272, episode_reward=28.48 +/- 44.64
Episode length: 152.05 +/- 83.06
Success rate: 25.00%
------------------------------------------
| eval/                   |              |
|    mean_ep_length       | 152          |
|    mean_reward          | 28.5         |
|    success_rate         | 0.25         |
| time/                   |              |
|    total_timesteps      | 1819272      |
| train/                  |              |
|    approx_kl            | 0.0074978285 |
|    clip_fraction        | 0.0846       |
|    clip_range           | 0.2          |
|    entropy_loss         | -9.45        |
|    explained_variance   | 0.501        |
|    learning_rate        | 0.0003       |
|    loss                 | 1.05         |
|    n_updates            | 740          |
|    policy_gradient_loss | -0.00394     |
|    std                  | 0.939        |
|    value_loss           | 2.26         |
------------------------------------------
New best mean reward!
Eval num_timesteps=1839264, episode_reward=14.57 +/- 31.01
Episode length: 180.55 +/- 58.35
Success rate: 10.00%
---------------------------------
| eval/              |          |
|    mean_ep_length  | 181      |
|    mean_reward     | 14.6     |
|    success_rate    | 0.1      |
| time/              |          |
|    total_timesteps | 1839264  |
---------------------------------
---------------------------------
| rollout/           |          |
|    ep_len_mean     | 121      |
|    ep_rew_mean     | 52.1     |
|    success_rate    | 0.5      |
| time/              |          |
|    fps             | 2798     |
|    iterations      | 75       |
|    time_elapsed    | 658      |
|    total_timesteps | 1843200  |
---------------------------------
Eval num_timesteps=1859256, episode_reward=22.02 +/- 41.76
Episode length: 162.15 +/- 75.71
Success rate: 20.00%
-----------------------------------------
| eval/                   |             |
|    mean_ep_length       | 162         |
|    mean_reward          | 22          |
|    success_rate         | 0.2         |
| time/                   |             |
|    total_timesteps      | 1859256     |
| train/                  |             |
|    approx_kl            | 0.007365274 |
|    clip_fraction        | 0.0837      |
|    clip_range           | 0.2         |
|    entropy_loss         | -9.45       |
|    explained_variance   | 0.51        |
|    learning_rate        | 0.0003      |
|    loss                 | 1.08        |
|    n_updates            | 750         |
|    policy_gradient_loss | -0.00422    |
|    std                  | 0.939       |
|    value_loss           | 2.25        |
-----------------------------------------
---------------------------------
| rollout/           |          |
|    ep_len_mean     | 120      |
|    ep_rew_mean     | 52.7     |
|    success_rate    | 0.52     |
| time/              |          |
|    fps             | 2796     |
|    iterations      | 76       |
|    time_elapsed    | 667      |
|    total_timesteps | 1867776  |
---------------------------------
Eval num_timesteps=1879248, episode_reward=20.58 +/- 42.07
Episode length: 162.25 +/- 75.57
Success rate: 20.00%
-----------------------------------------
| eval/                   |             |
|    mean_ep_length       | 162         |
|    mean_reward          | 20.6        |
|    success_rate         | 0.2         |
| time/                   |             |
|    total_timesteps      | 1879248     |
| train/                  |             |
|    approx_kl            | 0.010179433 |
|    clip_fraction        | 0.117       |
|    clip_range           | 0.2         |
|    entropy_loss         | -9.44       |
|    explained_variance   | 0.519       |
|    learning_rate        | 0.0003      |
|    loss                 | 1.01        |
|    n_updates            | 760         |
|    policy_gradient_loss | -0.00453    |
|    std                  | 0.936       |
|    value_loss           | 2.23        |
-----------------------------------------
---------------------------------
| rollout/           |          |
|    ep_len_mean     | 118      |
|    ep_rew_mean     | 51       |
|    success_rate    | 0.5      |
| time/              |          |
|    fps             | 2796     |
|    iterations      | 77       |
|    time_elapsed    | 676      |
|    total_timesteps | 1892352  |
---------------------------------
Eval num_timesteps=1899240, episode_reward=20.62 +/- 42.36
Episode length: 162.80 +/- 74.45
Success rate: 20.00%
-----------------------------------------
| eval/                   |             |
|    mean_ep_length       | 163         |
|    mean_reward          | 20.6        |
|    success_rate         | 0.2         |
| time/                   |             |
|    total_timesteps      | 1899240     |
| train/                  |             |
|    approx_kl            | 0.008758564 |
|    clip_fraction        | 0.114       |
|    clip_range           | 0.2         |
|    entropy_loss         | -9.43       |
|    explained_variance   | 0.519       |
|    learning_rate        | 0.0003      |
|    loss                 | 1.07        |
|    n_updates            | 770         |
|    policy_gradient_loss | -0.00546    |
|    std                  | 0.937       |
|    value_loss           | 2.39        |
-----------------------------------------
---------------------------------
| rollout/           |          |
|    ep_len_mean     | 104      |
|    ep_rew_mean     | 61.6     |
|    success_rate    | 0.6      |
| time/              |          |
|    fps             | 2795     |
|    iterations      | 78       |
|    time_elapsed    | 685      |
|    total_timesteps | 1916928  |
---------------------------------
Eval num_timesteps=1919232, episode_reward=41.01 +/- 51.00
Episode length: 122.40 +/- 95.07
Success rate: 40.00%
------------------------------------------
| eval/                   |              |
|    mean_ep_length       | 122          |
|    mean_reward          | 41           |
|    success_rate         | 0.4          |
| time/                   |              |
|    total_timesteps      | 1919232      |
| train/                  |              |
|    approx_kl            | 0.0077830423 |
|    clip_fraction        | 0.099        |
|    clip_range           | 0.2          |
|    entropy_loss         | -9.44        |
|    explained_variance   | 0.546        |
|    learning_rate        | 0.0003       |
|    loss                 | 1.18         |
|    n_updates            | 780          |
|    policy_gradient_loss | -0.00429     |
|    std                  | 0.937        |
|    value_loss           | 2.46         |
------------------------------------------
New best mean reward!
Eval num_timesteps=1939224, episode_reward=26.18 +/- 46.08
Episode length: 154.70 +/- 79.04
Success rate: 25.00%
---------------------------------
| eval/              |          |
|    mean_ep_length  | 155      |
|    mean_reward     | 26.2     |
|    success_rate    | 0.25     |
| time/              |          |
|    total_timesteps | 1939224  |
---------------------------------
---------------------------------
| rollout/           |          |
|    ep_len_mean     | 112      |
|    ep_rew_mean     | 60.3     |
|    success_rate    | 0.59     |
| time/              |          |
|    fps             | 2787     |
|    iterations      | 79       |
|    time_elapsed    | 696      |
|    total_timesteps | 1941504  |
---------------------------------
Eval num_timesteps=1959216, episode_reward=17.68 +/- 35.71
Episode length: 170.90 +/- 69.28
Success rate: 15.00%
------------------------------------------
| eval/                   |              |
|    mean_ep_length       | 171          |
|    mean_reward          | 17.7         |
|    success_rate         | 0.15         |
| time/                   |              |
|    total_timesteps      | 1959216      |
| train/                  |              |
|    approx_kl            | 0.0072911493 |
|    clip_fraction        | 0.089        |
|    clip_range           | 0.2          |
|    entropy_loss         | -9.43        |
|    explained_variance   | 0.527        |
|    learning_rate        | 0.0003       |
|    loss                 | 1.21         |
|    n_updates            | 790          |
|    policy_gradient_loss | -0.00477     |
|    std                  | 0.936        |
|    value_loss           | 2.49         |
------------------------------------------
---------------------------------
| rollout/           |          |
|    ep_len_mean     | 109      |
|    ep_rew_mean     | 60.5     |
|    success_rate    | 0.59     |
| time/              |          |
|    fps             | 2787     |
|    iterations      | 80       |
|    time_elapsed    | 705      |
|    total_timesteps | 1966080  |
---------------------------------
Eval num_timesteps=1979208, episode_reward=32.79 +/- 47.70
Episode length: 143.00 +/- 87.08
Success rate: 30.00%
-----------------------------------------
| eval/                   |             |
|    mean_ep_length       | 143         |
|    mean_reward          | 32.8        |
|    success_rate         | 0.3         |
| time/                   |             |
|    total_timesteps      | 1979208     |
| train/                  |             |
|    approx_kl            | 0.007801898 |
|    clip_fraction        | 0.0976      |
|    clip_range           | 0.2         |
|    entropy_loss         | -9.42       |
|    explained_variance   | 0.561       |
|    learning_rate        | 0.0003      |
|    loss                 | 1.11        |
|    n_updates            | 800         |
|    policy_gradient_loss | -0.00508    |
|    std                  | 0.935       |
|    value_loss           | 2.33        |
-----------------------------------------
---------------------------------
| rollout/           |          |
|    ep_len_mean     | 100      |
|    ep_rew_mean     | 64.8     |
|    success_rate    | 0.63     |
| time/              |          |
|    fps             | 2789     |
|    iterations      | 81       |
|    time_elapsed    | 713      |
|    total_timesteps | 1990656  |
---------------------------------
Eval num_timesteps=1999200, episode_reward=37.32 +/- 49.26
Episode length: 133.35 +/- 90.84
Success rate: 35.00%
------------------------------------------
| eval/                   |              |
|    mean_ep_length       | 133          |
|    mean_reward          | 37.3         |
|    success_rate         | 0.35         |
| time/                   |              |
|    total_timesteps      | 1999200      |
| train/                  |              |
|    approx_kl            | 0.0086970255 |
|    clip_fraction        | 0.0957       |
|    clip_range           | 0.2          |
|    entropy_loss         | -9.41        |
|    explained_variance   | 0.578        |
|    learning_rate        | 0.0003       |
|    loss                 | 1.1          |
|    n_updates            | 810          |
|    policy_gradient_loss | -0.00446     |
|    std                  | 0.931        |
|    value_loss           | 2.42         |
------------------------------------------
---------------------------------
| rollout/           |          |
|    ep_len_mean     | 113      |
|    ep_rew_mean     | 56.6     |
|    success_rate    | 0.56     |
| time/              |          |
|    fps             | 2789     |
|    iterations      | 82       |
|    time_elapsed    | 722      |
|    total_timesteps | 2015232  |
---------------------------------
Eval num_timesteps=2019192, episode_reward=48.92 +/- 50.15
Episode length: 115.15 +/- 93.82
Success rate: 45.00%
-----------------------------------------
| eval/                   |             |
|    mean_ep_length       | 115         |
|    mean_reward          | 48.9        |
|    success_rate         | 0.45        |
| time/                   |             |
|    total_timesteps      | 2019192     |
| train/                  |             |
|    approx_kl            | 0.008331585 |
|    clip_fraction        | 0.109       |
|    clip_range           | 0.2         |
|    entropy_loss         | -9.38       |
|    explained_variance   | 0.556       |
|    learning_rate        | 0.0003      |
|    loss                 | 1.2         |
|    n_updates            | 820         |
|    policy_gradient_loss | -0.00534    |
|    std                  | 0.93        |
|    value_loss           | 2.57        |
-----------------------------------------
New best mean reward!
Eval num_timesteps=2039184, episode_reward=64.41 +/- 53.37
Episode length: 76.95 +/- 90.30
Success rate: 65.00%
---------------------------------
| eval/              |          |
|    mean_ep_length  | 77       |
|    mean_reward     | 64.4     |
|    success_rate    | 0.65     |
| time/              |          |
|    total_timesteps | 2039184  |
---------------------------------
New best mean reward!
---------------------------------
| rollout/           |          |
|    ep_len_mean     | 121      |
|    ep_rew_mean     | 50.7     |
|    success_rate    | 0.5      |
| time/              |          |
|    fps             | 2786     |
|    iterations      | 83       |
|    time_elapsed    | 732      |
|    total_timesteps | 2039808  |
---------------------------------
Eval num_timesteps=2059176, episode_reward=21.82 +/- 41.35
Episode length: 162.05 +/- 75.91
Success rate: 20.00%
-----------------------------------------
| eval/                   |             |
|    mean_ep_length       | 162         |
|    mean_reward          | 21.8        |
|    success_rate         | 0.2         |
| time/                   |             |
|    total_timesteps      | 2059176     |
| train/                  |             |
|    approx_kl            | 0.007474583 |
|    clip_fraction        | 0.0898      |
|    clip_range           | 0.2         |
|    entropy_loss         | -9.38       |
|    explained_variance   | 0.587       |
|    learning_rate        | 0.0003      |
|    loss                 | 0.955       |
|    n_updates            | 830         |
|    policy_gradient_loss | -0.00476    |
|    std                  | 0.93        |
|    value_loss           | 2.07        |
-----------------------------------------
---------------------------------
| rollout/           |          |
|    ep_len_mean     | 114      |
|    ep_rew_mean     | 58.6     |
|    success_rate    | 0.57     |
| time/              |          |
|    fps             | 2787     |
|    iterations      | 84       |
|    time_elapsed    | 740      |
|    total_timesteps | 2064384  |
---------------------------------
Eval num_timesteps=2079168, episode_reward=43.30 +/- 50.30
Episode length: 127.15 +/- 90.02
Success rate: 40.00%
-----------------------------------------
| eval/                   |             |
|    mean_ep_length       | 127         |
|    mean_reward          | 43.3        |
|    success_rate         | 0.4         |
| time/                   |             |
|    total_timesteps      | 2079168     |
| train/                  |             |
|    approx_kl            | 0.008046849 |
|    clip_fraction        | 0.0944      |
|    clip_range           | 0.2         |
|    entropy_loss         | -9.37       |
|    explained_variance   | 0.557       |
|    learning_rate        | 0.0003      |
|    loss                 | 0.926       |
|    n_updates            | 840         |
|    policy_gradient_loss | -0.00521    |
|    std                  | 0.927       |
|    value_loss           | 2.25        |
-----------------------------------------
---------------------------------
| rollout/           |          |
|    ep_len_mean     | 110      |
|    ep_rew_mean     | 57       |
|    success_rate    | 0.56     |
| time/              |          |
|    fps             | 2790     |
|    iterations      | 85       |
|    time_elapsed    | 748      |
|    total_timesteps | 2088960  |
---------------------------------
Eval num_timesteps=2099160, episode_reward=34.66 +/- 46.06
Episode length: 146.00 +/- 82.54
Success rate: 30.00%
-----------------------------------------
| eval/                   |             |
|    mean_ep_length       | 146         |
|    mean_reward          | 34.7        |
|    success_rate         | 0.3         |
| time/                   |             |
|    total_timesteps      | 2099160     |
| train/                  |             |
|    approx_kl            | 0.009559494 |
|    clip_fraction        | 0.117       |
|    clip_range           | 0.2         |
|    entropy_loss         | -9.37       |
|    explained_variance   | 0.561       |
|    learning_rate        | 0.0003      |
|    loss                 | 0.946       |
|    n_updates            | 850         |
|    policy_gradient_loss | -0.00579    |
|    std                  | 0.93        |
|    value_loss           | 2.19        |
-----------------------------------------
---------------------------------
| rollout/           |          |
|    ep_len_mean     | 111      |
|    ep_rew_mean     | 53.8     |
|    success_rate    | 0.53     |
| time/              |          |
|    fps             | 2792     |
|    iterations      | 86       |
|    time_elapsed    | 756      |
|    total_timesteps | 2113536  |
---------------------------------
Eval num_timesteps=2119152, episode_reward=44.19 +/- 49.38
Episode length: 124.20 +/- 92.85
Success rate: 40.00%
-----------------------------------------
| eval/                   |             |
|    mean_ep_length       | 124         |
|    mean_reward          | 44.2        |
|    success_rate         | 0.4         |
| time/                   |             |
|    total_timesteps      | 2119152     |
| train/                  |             |
|    approx_kl            | 0.008145929 |
|    clip_fraction        | 0.0942      |
|    clip_range           | 0.2         |
|    entropy_loss         | -9.38       |
|    explained_variance   | 0.517       |
|    learning_rate        | 0.0003      |
|    loss                 | 1.05        |
|    n_updates            | 860         |
|    policy_gradient_loss | -0.00583    |
|    std                  | 0.931       |
|    value_loss           | 2.24        |
-----------------------------------------
---------------------------------
| rollout/           |          |
|    ep_len_mean     | 115      |
|    ep_rew_mean     | 55.6     |
|    success_rate    | 0.55     |
| time/              |          |
|    fps             | 2796     |
|    iterations      | 87       |
|    time_elapsed    | 764      |
|    total_timesteps | 2138112  |
---------------------------------
Eval num_timesteps=2139144, episode_reward=50.51 +/- 49.76
Episode length: 118.40 +/- 90.82
Success rate: 45.00%
------------------------------------------
| eval/                   |              |
|    mean_ep_length       | 118          |
|    mean_reward          | 50.5         |
|    success_rate         | 0.45         |
| time/                   |              |
|    total_timesteps      | 2139144      |
| train/                  |              |
|    approx_kl            | 0.0070166714 |
|    clip_fraction        | 0.0914       |
|    clip_range           | 0.2          |
|    entropy_loss         | -9.39        |
|    explained_variance   | 0.546        |
|    learning_rate        | 0.0003       |
|    loss                 | 1.07         |
|    n_updates            | 870          |
|    policy_gradient_loss | -0.00454     |
|    std                  | 0.932        |
|    value_loss           | 2.28         |
------------------------------------------
Eval num_timesteps=2159136, episode_reward=35.19 +/- 45.71
Episode length: 147.05 +/- 82.15
Success rate: 30.00%
---------------------------------
| eval/              |          |
|    mean_ep_length  | 147      |
|    mean_reward     | 35.2     |
|    success_rate    | 0.3      |
| time/              |          |
|    total_timesteps | 2159136  |
---------------------------------
---------------------------------
| rollout/           |          |
|    ep_len_mean     | 115      |
|    ep_rew_mean     | 52.1     |
|    success_rate    | 0.52     |
| time/              |          |
|    fps             | 2792     |
|    iterations      | 88       |
|    time_elapsed    | 774      |
|    total_timesteps | 2162688  |
---------------------------------
Eval num_timesteps=2179128, episode_reward=24.52 +/- 47.63
Episode length: 154.65 +/- 78.69
Success rate: 25.00%
-----------------------------------------
| eval/                   |             |
|    mean_ep_length       | 155         |
|    mean_reward          | 24.5        |
|    success_rate         | 0.25        |
| time/                   |             |
|    total_timesteps      | 2179128     |
| train/                  |             |
|    approx_kl            | 0.009264344 |
|    clip_fraction        | 0.0975      |
|    clip_range           | 0.2         |
|    entropy_loss         | -9.39       |
|    explained_variance   | 0.57        |
|    learning_rate        | 0.0003      |
|    loss                 | 1.07        |
|    n_updates            | 880         |
|    policy_gradient_loss | -0.00499    |
|    std                  | 0.932       |
|    value_loss           | 2.16        |
-----------------------------------------
---------------------------------
| rollout/           |          |
|    ep_len_mean     | 111      |
|    ep_rew_mean     | 54.9     |
|    success_rate    | 0.54     |
| time/              |          |
|    fps             | 2794     |
|    iterations      | 89       |
|    time_elapsed    | 782      |
|    total_timesteps | 2187264  |
---------------------------------
Eval num_timesteps=2199120, episode_reward=23.53 +/- 40.76
Episode length: 163.15 +/- 73.76
Success rate: 20.00%
------------------------------------------
| eval/                   |              |
|    mean_ep_length       | 163          |
|    mean_reward          | 23.5         |
|    success_rate         | 0.2          |
| time/                   |              |
|    total_timesteps      | 2199120      |
| train/                  |              |
|    approx_kl            | 0.0071737343 |
|    clip_fraction        | 0.0757       |
|    clip_range           | 0.2          |
|    entropy_loss         | -9.39        |
|    explained_variance   | 0.567        |
|    learning_rate        | 0.0003       |
|    loss                 | 1.03         |
|    n_updates            | 890          |
|    policy_gradient_loss | -0.00448     |
|    std                  | 0.933        |
|    value_loss           | 2.23         |
------------------------------------------
---------------------------------
| rollout/           |          |
|    ep_len_mean     | 117      |
|    ep_rew_mean     | 55.8     |
|    success_rate    | 0.54     |
| time/              |          |
|    fps             | 2794     |
|    iterations      | 90       |
|    time_elapsed    | 791      |
|    total_timesteps | 2211840  |
---------------------------------
Eval num_timesteps=2219112, episode_reward=45.57 +/- 49.01
Episode length: 131.00 +/- 85.27
Success rate: 40.00%
------------------------------------------
| eval/                   |              |
|    mean_ep_length       | 131          |
|    mean_reward          | 45.6         |
|    success_rate         | 0.4          |
| time/                   |              |
|    total_timesteps      | 2219112      |
| train/                  |              |
|    approx_kl            | 0.0071099247 |
|    clip_fraction        | 0.0912       |
|    clip_range           | 0.2          |
|    entropy_loss         | -9.39        |
|    explained_variance   | 0.55         |
|    learning_rate        | 0.0003       |
|    loss                 | 1.14         |
|    n_updates            | 900          |
|    policy_gradient_loss | -0.00537     |
|    std                  | 0.932        |
|    value_loss           | 2.24         |
------------------------------------------
---------------------------------
| rollout/           |          |
|    ep_len_mean     | 116      |
|    ep_rew_mean     | 57.7     |
|    success_rate    | 0.57     |
| time/              |          |
|    fps             | 2797     |
|    iterations      | 91       |
|    time_elapsed    | 799      |
|    total_timesteps | 2236416  |
---------------------------------
Eval num_timesteps=2239104, episode_reward=18.15 +/- 36.29
Episode length: 171.90 +/- 66.94
Success rate: 15.00%
------------------------------------------
| eval/                   |              |
|    mean_ep_length       | 172          |
|    mean_reward          | 18.2         |
|    success_rate         | 0.15         |
| time/                   |              |
|    total_timesteps      | 2239104      |
| train/                  |              |
|    approx_kl            | 0.0077838227 |
|    clip_fraction        | 0.0975       |
|    clip_range           | 0.2          |
|    entropy_loss         | -9.38        |
|    explained_variance   | 0.524        |
|    learning_rate        | 0.0003       |
|    loss                 | 1.08         |
|    n_updates            | 910          |
|    policy_gradient_loss | -0.0048      |
|    std                  | 0.93         |
|    value_loss           | 2.33         |
------------------------------------------
Eval num_timesteps=2259096, episode_reward=27.78 +/- 45.52
Episode length: 157.45 +/- 74.48
Success rate: 25.00%
---------------------------------
| eval/              |          |
|    mean_ep_length  | 157      |
|    mean_reward     | 27.8     |
|    success_rate    | 0.25     |
| time/              |          |
|    total_timesteps | 2259096  |
---------------------------------
---------------------------------
| rollout/           |          |
|    ep_len_mean     | 120      |
|    ep_rew_mean     | 52.9     |
|    success_rate    | 0.52     |
| time/              |          |
|    fps             | 2791     |
|    iterations      | 92       |
|    time_elapsed    | 810      |
|    total_timesteps | 2260992  |
---------------------------------
Eval num_timesteps=2279088, episode_reward=29.77 +/- 43.96
Episode length: 153.80 +/- 80.05
Success rate: 25.00%
-----------------------------------------
| eval/                   |             |
|    mean_ep_length       | 154         |
|    mean_reward          | 29.8        |
|    success_rate         | 0.25        |
| time/                   |             |
|    total_timesteps      | 2279088     |
| train/                  |             |
|    approx_kl            | 0.007836048 |
|    clip_fraction        | 0.0964      |
|    clip_range           | 0.2         |
|    entropy_loss         | -9.36       |
|    explained_variance   | 0.526       |
|    learning_rate        | 0.0003      |
|    loss                 | 1.06        |
|    n_updates            | 920         |
|    policy_gradient_loss | -0.00459    |
|    std                  | 0.928       |
|    value_loss           | 2.3         |
-----------------------------------------
---------------------------------
| rollout/           |          |
|    ep_len_mean     | 111      |
|    ep_rew_mean     | 57.4     |
|    success_rate    | 0.56     |
| time/              |          |
|    fps             | 2791     |
|    iterations      | 93       |
|    time_elapsed    | 818      |
|    total_timesteps | 2285568  |
---------------------------------
Eval num_timesteps=2299080, episode_reward=21.52 +/- 43.15
Episode length: 165.25 +/- 69.69
Success rate: 20.00%
-----------------------------------------
| eval/                   |             |
|    mean_ep_length       | 165         |
|    mean_reward          | 21.5        |
|    success_rate         | 0.2         |
| time/                   |             |
|    total_timesteps      | 2299080     |
| train/                  |             |
|    approx_kl            | 0.008304029 |
|    clip_fraction        | 0.104       |
|    clip_range           | 0.2         |
|    entropy_loss         | -9.36       |
|    explained_variance   | 0.54        |
|    learning_rate        | 0.0003      |
|    loss                 | 1.13        |
|    n_updates            | 930         |
|    policy_gradient_loss | -0.00539    |
|    std                  | 0.93        |
|    value_loss           | 2.47        |
-----------------------------------------
---------------------------------
| rollout/           |          |
|    ep_len_mean     | 102      |
|    ep_rew_mean     | 62.2     |
|    success_rate    | 0.61     |
| time/              |          |
|    fps             | 2791     |
|    iterations      | 94       |
|    time_elapsed    | 827      |
|    total_timesteps | 2310144  |
---------------------------------
Eval num_timesteps=2319072, episode_reward=37.04 +/- 49.88
Episode length: 137.00 +/- 86.08
Success rate: 35.00%
------------------------------------------
| eval/                   |              |
|    mean_ep_length       | 137          |
|    mean_reward          | 37           |
|    success_rate         | 0.35         |
| time/                   |              |
|    total_timesteps      | 2319072      |
| train/                  |              |
|    approx_kl            | 0.0084519265 |
|    clip_fraction        | 0.0919       |
|    clip_range           | 0.2          |
|    entropy_loss         | -9.36        |
|    explained_variance   | 0.55         |
|    learning_rate        | 0.0003       |
|    loss                 | 1.05         |
|    n_updates            | 940          |
|    policy_gradient_loss | -0.00458     |
|    std                  | 0.93         |
|    value_loss           | 2.26         |
------------------------------------------
---------------------------------
| rollout/           |          |
|    ep_len_mean     | 111      |
|    ep_rew_mean     | 56.1     |
|    success_rate    | 0.55     |
| time/              |          |
|    fps             | 2792     |
|    iterations      | 95       |
|    time_elapsed    | 835      |
|    total_timesteps | 2334720  |
---------------------------------
Eval num_timesteps=2339064, episode_reward=27.43 +/- 45.20
Episode length: 154.40 +/- 79.08
Success rate: 25.00%
-----------------------------------------
| eval/                   |             |
|    mean_ep_length       | 154         |
|    mean_reward          | 27.4        |
|    success_rate         | 0.25        |
| time/                   |             |
|    total_timesteps      | 2339064     |
| train/                  |             |
|    approx_kl            | 0.007905956 |
|    clip_fraction        | 0.0847      |
|    clip_range           | 0.2         |
|    entropy_loss         | -9.36       |
|    explained_variance   | 0.554       |
|    learning_rate        | 0.0003      |
|    loss                 | 1.05        |
|    n_updates            | 950         |
|    policy_gradient_loss | -0.00492    |
|    std                  | 0.929       |
|    value_loss           | 2.25        |
-----------------------------------------
Eval num_timesteps=2359056, episode_reward=34.63 +/- 47.30
Episode length: 149.25 +/- 79.17
Success rate: 30.00%
---------------------------------
| eval/              |          |
|    mean_ep_length  | 149      |
|    mean_reward     | 34.6     |
|    success_rate    | 0.3      |
| time/              |          |
|    total_timesteps | 2359056  |
---------------------------------
---------------------------------
| rollout/           |          |
|    ep_len_mean     | 127      |
|    ep_rew_mean     | 50       |
|    success_rate    | 0.49     |
| time/              |          |
|    fps             | 2787     |
|    iterations      | 96       |
|    time_elapsed    | 846      |
|    total_timesteps | 2359296  |
---------------------------------
Eval num_timesteps=2379048, episode_reward=17.90 +/- 37.38
Episode length: 173.75 +/- 62.62
Success rate: 15.00%
-----------------------------------------
| eval/                   |             |
|    mean_ep_length       | 174         |
|    mean_reward          | 17.9        |
|    success_rate         | 0.15        |
| time/                   |             |
|    total_timesteps      | 2379048     |
| train/                  |             |
|    approx_kl            | 0.008906673 |
|    clip_fraction        | 0.0909      |
|    clip_range           | 0.2         |
|    entropy_loss         | -9.35       |
|    explained_variance   | 0.559       |
|    learning_rate        | 0.0003      |
|    loss                 | 1.1         |
|    n_updates            | 960         |
|    policy_gradient_loss | -0.00563    |
|    std                  | 0.928       |
|    value_loss           | 2.24        |
-----------------------------------------
---------------------------------
| rollout/           |          |
|    ep_len_mean     | 99.4     |
|    ep_rew_mean     | 63.1     |
|    success_rate    | 0.62     |
| time/              |          |
|    fps             | 2787     |
|    iterations      | 97       |
|    time_elapsed    | 855      |
|    total_timesteps | 2383872  |
---------------------------------
Eval num_timesteps=2399040, episode_reward=39.00 +/- 47.70
Episode length: 134.15 +/- 89.84
Success rate: 35.00%
-----------------------------------------
| eval/                   |             |
|    mean_ep_length       | 134         |
|    mean_reward          | 39          |
|    success_rate         | 0.35        |
| time/                   |             |
|    total_timesteps      | 2399040     |
| train/                  |             |
|    approx_kl            | 0.009068261 |
|    clip_fraction        | 0.111       |
|    clip_range           | 0.2         |
|    entropy_loss         | -9.35       |
|    explained_variance   | 0.567       |
|    learning_rate        | 0.0003      |
|    loss                 | 1.13        |
|    n_updates            | 970         |
|    policy_gradient_loss | -0.0053     |
|    std                  | 0.929       |
|    value_loss           | 2.29        |
-----------------------------------------
---------------------------------
| rollout/           |          |
|    ep_len_mean     | 109      |
|    ep_rew_mean     | 59.7     |
|    success_rate    | 0.58     |
| time/              |          |
|    fps             | 2788     |
|    iterations      | 98       |
|    time_elapsed    | 863      |
|    total_timesteps | 2408448  |
---------------------------------
Eval num_timesteps=2419032, episode_reward=29.54 +/- 44.25
Episode length: 156.35 +/- 76.25
Success rate: 25.00%
------------------------------------------
| eval/                   |              |
|    mean_ep_length       | 156          |
|    mean_reward          | 29.5         |
|    success_rate         | 0.25         |
| time/                   |              |
|    total_timesteps      | 2419032      |
| train/                  |              |
|    approx_kl            | 0.0075190887 |
|    clip_fraction        | 0.0893       |
|    clip_range           | 0.2          |
|    entropy_loss         | -9.36        |
|    explained_variance   | 0.573        |
|    learning_rate        | 0.0003       |
|    loss                 | 1.12         |
|    n_updates            | 980          |
|    policy_gradient_loss | -0.00562     |
|    std                  | 0.931        |
|    value_loss           | 2.26         |
------------------------------------------
---------------------------------
| rollout/           |          |
|    ep_len_mean     | 109      |
|    ep_rew_mean     | 57.9     |
|    success_rate    | 0.57     |
| time/              |          |
|    fps             | 2788     |
|    iterations      | 99       |
|    time_elapsed    | 872      |
|    total_timesteps | 2433024  |
---------------------------------
Eval num_timesteps=2439024, episode_reward=35.13 +/- 45.38
Episode length: 143.95 +/- 85.72
Success rate: 30.00%
-----------------------------------------
| eval/                   |             |
|    mean_ep_length       | 144         |
|    mean_reward          | 35.1        |
|    success_rate         | 0.3         |
| time/                   |             |
|    total_timesteps      | 2439024     |
| train/                  |             |
|    approx_kl            | 0.008932139 |
|    clip_fraction        | 0.104       |
|    clip_range           | 0.2         |
|    entropy_loss         | -9.38       |
|    explained_variance   | 0.586       |
|    learning_rate        | 0.0003      |
|    loss                 | 1.12        |
|    n_updates            | 990         |
|    policy_gradient_loss | -0.00562    |
|    std                  | 0.933       |
|    value_loss           | 2.27        |
-----------------------------------------
---------------------------------
| rollout/           |          |
|    ep_len_mean     | 123      |
|    ep_rew_mean     | 50.5     |
|    success_rate    | 0.5      |
| time/              |          |
|    fps             | 2789     |
|    iterations      | 100      |
|    time_elapsed    | 881      |
|    total_timesteps | 2457600  |
---------------------------------
Eval num_timesteps=2459016, episode_reward=13.81 +/- 30.18
Episode length: 181.75 +/- 54.82
Success rate: 10.00%
------------------------------------------
| eval/                   |              |
|    mean_ep_length       | 182          |
|    mean_reward          | 13.8         |
|    success_rate         | 0.1          |
| time/                   |              |
|    total_timesteps      | 2459016      |
| train/                  |              |
|    approx_kl            | 0.0075925514 |
|    clip_fraction        | 0.0879       |
|    clip_range           | 0.2          |
|    entropy_loss         | -9.39        |
|    explained_variance   | 0.555        |
|    learning_rate        | 0.0003       |
|    loss                 | 1.02         |
|    n_updates            | 1000         |
|    policy_gradient_loss | -0.00515     |
|    std                  | 0.935        |
|    value_loss           | 2.33         |
------------------------------------------
Eval num_timesteps=2479008, episode_reward=18.27 +/- 36.20
Episode length: 172.45 +/- 65.58
Success rate: 15.00%
---------------------------------
| eval/              |          |
|    mean_ep_length  | 172      |
|    mean_reward     | 18.3     |
|    success_rate    | 0.15     |
| time/              |          |
|    total_timesteps | 2479008  |
---------------------------------
---------------------------------
| rollout/           |          |
|    ep_len_mean     | 112      |
|    ep_rew_mean     | 60.6     |
|    success_rate    | 0.58     |
| time/              |          |
|    fps             | 2784     |
|    iterations      | 101      |
|    time_elapsed    | 891      |
|    total_timesteps | 2482176  |
---------------------------------
Eval num_timesteps=2499000, episode_reward=35.13 +/- 45.84
Episode length: 145.80 +/- 83.12
Success rate: 30.00%
-----------------------------------------
| eval/                   |             |
|    mean_ep_length       | 146         |
|    mean_reward          | 35.1        |
|    success_rate         | 0.3         |
| time/                   |             |
|    total_timesteps      | 2499000     |
| train/                  |             |
|    approx_kl            | 0.007661484 |
|    clip_fraction        | 0.0885      |
|    clip_range           | 0.2         |
|    entropy_loss         | -9.4        |
|    explained_variance   | 0.549       |
|    learning_rate        | 0.0003      |
|    loss                 | 1.22        |
|    n_updates            | 1010        |
|    policy_gradient_loss | -0.00468    |
|    std                  | 0.935       |
|    value_loss           | 2.5         |
-----------------------------------------
---------------------------------
| rollout/           |          |
|    ep_len_mean     | 106      |
|    ep_rew_mean     | 58.4     |
|    success_rate    | 0.57     |
| time/              |          |
|    fps             | 2784     |
|    iterations      | 102      |
|    time_elapsed    | 900      |
|    total_timesteps | 2506752  |
---------------------------------
Eval num_timesteps=2518992, episode_reward=29.53 +/- 44.90
Episode length: 155.55 +/- 77.48
Success rate: 25.00%
----------------------------------------
| eval/                   |            |
|    mean_ep_length       | 156        |
|    mean_reward          | 29.5       |
|    success_rate         | 0.25       |
| time/                   |            |
|    total_timesteps      | 2518992    |
| train/                  |            |
|    approx_kl            | 0.00828839 |
|    clip_fraction        | 0.0936     |
|    clip_range           | 0.2        |
|    entropy_loss         | -9.4       |
|    explained_variance   | 0.592      |
|    learning_rate        | 0.0003     |
|    loss                 | 1.04       |
|    n_updates            | 1020       |
|    policy_gradient_loss | -0.00515   |
|    std                  | 0.937      |
|    value_loss           | 2.16       |
----------------------------------------
---------------------------------
| rollout/           |          |
|    ep_len_mean     | 114      |
|    ep_rew_mean     | 54       |
|    success_rate    | 0.54     |
| time/              |          |
|    fps             | 2784     |
|    iterations      | 103      |
|    time_elapsed    | 909      |
|    total_timesteps | 2531328  |
---------------------------------
Eval num_timesteps=2538984, episode_reward=37.57 +/- 49.92
Episode length: 136.35 +/- 87.29
Success rate: 35.00%
------------------------------------------
| eval/                   |              |
|    mean_ep_length       | 136          |
|    mean_reward          | 37.6         |
|    success_rate         | 0.35         |
| time/                   |              |
|    total_timesteps      | 2538984      |
| train/                  |              |
|    approx_kl            | 0.0066789966 |
|    clip_fraction        | 0.0687       |
|    clip_range           | 0.2          |
|    entropy_loss         | -9.41        |
|    explained_variance   | 0.576        |
|    learning_rate        | 0.0003       |
|    loss                 | 1.12         |
|    n_updates            | 1030         |
|    policy_gradient_loss | -0.00439     |
|    std                  | 0.936        |
|    value_loss           | 2.32         |
------------------------------------------
---------------------------------
| rollout/           |          |
|    ep_len_mean     | 120      |
|    ep_rew_mean     | 48.2     |
|    success_rate    | 0.48     |
| time/              |          |
|    fps             | 2785     |
|    iterations      | 104      |
|    time_elapsed    | 917      |
|    total_timesteps | 2555904  |
---------------------------------
Eval num_timesteps=2558976, episode_reward=33.51 +/- 46.57
Episode length: 143.85 +/- 85.80
Success rate: 30.00%
-----------------------------------------
| eval/                   |             |
|    mean_ep_length       | 144         |
|    mean_reward          | 33.5        |
|    success_rate         | 0.3         |
| time/                   |             |
|    total_timesteps      | 2558976     |
| train/                  |             |
|    approx_kl            | 0.008259978 |
|    clip_fraction        | 0.0943      |
|    clip_range           | 0.2         |
|    entropy_loss         | -9.4        |
|    explained_variance   | 0.551       |
|    learning_rate        | 0.0003      |
|    loss                 | 0.933       |
|    n_updates            | 1040        |
|    policy_gradient_loss | -0.00533    |
|    std                  | 0.934       |
|    value_loss           | 2.06        |
-----------------------------------------
Eval num_timesteps=2578968, episode_reward=40.13 +/- 47.41
Episode length: 137.35 +/- 85.94
Success rate: 35.00%
---------------------------------
| eval/              |          |
|    mean_ep_length  | 137      |
|    mean_reward     | 40.1     |
|    success_rate    | 0.35     |
| time/              |          |
|    total_timesteps | 2578968  |
---------------------------------
---------------------------------
| rollout/           |          |
|    ep_len_mean     | 103      |
|    ep_rew_mean     | 65.7     |
|    success_rate    | 0.63     |
| time/              |          |
|    fps             | 2782     |
|    iterations      | 105      |
|    time_elapsed    | 927      |
|    total_timesteps | 2580480  |
---------------------------------
Eval num_timesteps=2598960, episode_reward=43.89 +/- 49.58
Episode length: 128.10 +/- 88.87
Success rate: 40.00%
------------------------------------------
| eval/                   |              |
|    mean_ep_length       | 128          |
|    mean_reward          | 43.9         |
|    success_rate         | 0.4          |
| time/                   |              |
|    total_timesteps      | 2598960      |
| train/                  |              |
|    approx_kl            | 0.0064386246 |
|    clip_fraction        | 0.0815       |
|    clip_range           | 0.2          |
|    entropy_loss         | -9.39        |
|    explained_variance   | 0.526        |
|    learning_rate        | 0.0003       |
|    loss                 | 1.29         |
|    n_updates            | 1050         |
|    policy_gradient_loss | -0.00544     |
|    std                  | 0.933        |
|    value_loss           | 2.55         |
------------------------------------------
---------------------------------
| rollout/           |          |
|    ep_len_mean     | 129      |
|    ep_rew_mean     | 44.7     |
|    success_rate    | 0.45     |
| time/              |          |
|    fps             | 2783     |
|    iterations      | 106      |
|    time_elapsed    | 935      |
|    total_timesteps | 2605056  |
---------------------------------
Eval num_timesteps=2618952, episode_reward=24.30 +/- 40.03
Episode length: 161.45 +/- 77.11
Success rate: 20.00%
------------------------------------------
| eval/                   |              |
|    mean_ep_length       | 161          |
|    mean_reward          | 24.3         |
|    success_rate         | 0.2          |
| time/                   |              |
|    total_timesteps      | 2618952      |
| train/                  |              |
|    approx_kl            | 0.0068342467 |
|    clip_fraction        | 0.087        |
|    clip_range           | 0.2          |
|    entropy_loss         | -9.39        |
|    explained_variance   | 0.545        |
|    learning_rate        | 0.0003       |
|    loss                 | 0.982        |
|    n_updates            | 1060         |
|    policy_gradient_loss | -0.0062      |
|    std                  | 0.935        |
|    value_loss           | 1.96         |
------------------------------------------
---------------------------------
| rollout/           |          |
|    ep_len_mean     | 102      |
|    ep_rew_mean     | 63.3     |
|    success_rate    | 0.61     |
| time/              |          |
|    fps             | 2784     |
|    iterations      | 107      |
|    time_elapsed    | 944      |
|    total_timesteps | 2629632  |
---------------------------------
Eval num_timesteps=2638944, episode_reward=21.74 +/- 41.30
Episode length: 161.45 +/- 77.13
Success rate: 20.00%
----------------------------------------
| eval/                   |            |
|    mean_ep_length       | 161        |
|    mean_reward          | 21.7       |
|    success_rate         | 0.2        |
| time/                   |            |
|    total_timesteps      | 2638944    |
| train/                  |            |
|    approx_kl            | 0.00765093 |
|    clip_fraction        | 0.0975     |
|    clip_range           | 0.2        |
|    entropy_loss         | -9.41      |
|    explained_variance   | 0.547      |
|    learning_rate        | 0.0003     |
|    loss                 | 1.07       |
|    n_updates            | 1070       |
|    policy_gradient_loss | -0.00545   |
|    std                  | 0.937      |
|    value_loss           | 2.33       |
----------------------------------------
---------------------------------
| rollout/           |          |
|    ep_len_mean     | 103      |
|    ep_rew_mean     | 65.9     |
|    success_rate    | 0.63     |
| time/              |          |
|    fps             | 2785     |
|    iterations      | 108      |
|    time_elapsed    | 953      |
|    total_timesteps | 2654208  |
---------------------------------
Eval num_timesteps=2658936, episode_reward=40.67 +/- 48.54
Episode length: 145.45 +/- 80.36
Success rate: 35.00%
-----------------------------------------
| eval/                   |             |
|    mean_ep_length       | 145         |
|    mean_reward          | 40.7        |
|    success_rate         | 0.35        |
| time/                   |             |
|    total_timesteps      | 2658936     |
| train/                  |             |
|    approx_kl            | 0.008098681 |
|    clip_fraction        | 0.0831      |
|    clip_range           | 0.2         |
|    entropy_loss         | -9.41       |
|    explained_variance   | 0.57        |
|    learning_rate        | 0.0003      |
|    loss                 | 1.18        |
|    n_updates            | 1080        |
|    policy_gradient_loss | -0.0058     |
|    std                  | 0.936       |
|    value_loss           | 2.52        |
-----------------------------------------
---------------------------------
| rollout/           |          |
|    ep_len_mean     | 116      |
|    ep_rew_mean     | 53.2     |
|    success_rate    | 0.52     |
| time/              |          |
|    fps             | 2785     |
|    iterations      | 109      |
|    time_elapsed    | 961      |
|    total_timesteps | 2678784  |
---------------------------------
Eval num_timesteps=2678928, episode_reward=32.22 +/- 47.18
Episode length: 142.80 +/- 87.40
Success rate: 30.00%
-----------------------------------------
| eval/                   |             |
|    mean_ep_length       | 143         |
|    mean_reward          | 32.2        |
|    success_rate         | 0.3         |
| time/                   |             |
|    total_timesteps      | 2678928     |
| train/                  |             |
|    approx_kl            | 0.006805521 |
|    clip_fraction        | 0.0785      |
|    clip_range           | 0.2         |
|    entropy_loss         | -9.4        |
|    explained_variance   | 0.571       |
|    learning_rate        | 0.0003      |
|    loss                 | 1.03        |
|    n_updates            | 1090        |
|    policy_gradient_loss | -0.00473    |
|    std                  | 0.934       |
|    value_loss           | 2.21        |
-----------------------------------------
Eval num_timesteps=2698920, episode_reward=41.80 +/- 52.14
Episode length: 122.90 +/- 94.44
Success rate: 40.00%
---------------------------------
| eval/              |          |
|    mean_ep_length  | 123      |
|    mean_reward     | 41.8     |
|    success_rate    | 0.4      |
| time/              |          |
|    total_timesteps | 2698920  |
---------------------------------
---------------------------------
| rollout/           |          |
|    ep_len_mean     | 108      |
|    ep_rew_mean     | 59.3     |
|    success_rate    | 0.58     |
| time/              |          |
|    fps             | 2781     |
|    iterations      | 110      |
|    time_elapsed    | 971      |
|    total_timesteps | 2703360  |
---------------------------------
Eval num_timesteps=2718912, episode_reward=36.46 +/- 50.97
Episode length: 133.35 +/- 90.92
Success rate: 35.00%
-----------------------------------------
| eval/                   |             |
|    mean_ep_length       | 133         |
|    mean_reward          | 36.5        |
|    success_rate         | 0.35        |
| time/                   |             |
|    total_timesteps      | 2718912     |
| train/                  |             |
|    approx_kl            | 0.007871117 |
|    clip_fraction        | 0.0958      |
|    clip_range           | 0.2         |
|    entropy_loss         | -9.4        |
|    explained_variance   | 0.574       |
|    learning_rate        | 0.0003      |
|    loss                 | 1.19        |
|    n_updates            | 1100        |
|    policy_gradient_loss | -0.00529    |
|    std                  | 0.936       |
|    value_loss           | 2.44        |
-----------------------------------------
---------------------------------
| rollout/           |          |
|    ep_len_mean     | 126      |
|    ep_rew_mean     | 45.3     |
|    success_rate    | 0.46     |
| time/              |          |
|    fps             | 2782     |
|    iterations      | 111      |
|    time_elapsed    | 980      |
|    total_timesteps | 2727936  |
---------------------------------
Eval num_timesteps=2738904, episode_reward=25.64 +/- 46.84
Episode length: 154.35 +/- 79.82
Success rate: 25.00%
------------------------------------------
| eval/                   |              |
|    mean_ep_length       | 154          |
|    mean_reward          | 25.6         |
|    success_rate         | 0.25         |
| time/                   |              |
|    total_timesteps      | 2738904      |
| train/                  |              |
|    approx_kl            | 0.0069171055 |
|    clip_fraction        | 0.0756       |
|    clip_range           | 0.2          |
|    entropy_loss         | -9.41        |
|    explained_variance   | 0.559        |
|    learning_rate        | 0.0003       |
|    loss                 | 1.02         |
|    n_updates            | 1110         |
|    policy_gradient_loss | -0.00518     |
|    std                  | 0.936        |
|    value_loss           | 2.1          |
------------------------------------------
---------------------------------
| rollout/           |          |
|    ep_len_mean     | 121      |
|    ep_rew_mean     | 55.1     |
|    success_rate    | 0.53     |
| time/              |          |
|    fps             | 2783     |
|    iterations      | 112      |
|    time_elapsed    | 988      |
|    total_timesteps | 2752512  |
---------------------------------
Eval num_timesteps=2758896, episode_reward=29.49 +/- 48.89
Episode length: 144.05 +/- 85.87
Success rate: 30.00%
-----------------------------------------
| eval/                   |             |
|    mean_ep_length       | 144         |
|    mean_reward          | 29.5        |
|    success_rate         | 0.3         |
| time/                   |             |
|    total_timesteps      | 2758896     |
| train/                  |             |
|    approx_kl            | 0.007751191 |
|    clip_fraction        | 0.0758      |
|    clip_range           | 0.2         |
|    entropy_loss         | -9.41       |
|    explained_variance   | 0.568       |
|    learning_rate        | 0.0003      |
|    loss                 | 0.969       |
|    n_updates            | 1120        |
|    policy_gradient_loss | -0.0055     |
|    std                  | 0.936       |
|    value_loss           | 2.09        |
-----------------------------------------
---------------------------------
| rollout/           |          |
|    ep_len_mean     | 95.1     |
|    ep_rew_mean     | 65.9     |
|    success_rate    | 0.63     |
| time/              |          |
|    fps             | 2785     |
|    iterations      | 113      |
|    time_elapsed    | 997      |
|    total_timesteps | 2777088  |
---------------------------------
Eval num_timesteps=2778888, episode_reward=25.84 +/- 46.41
Episode length: 152.50 +/- 82.34
Success rate: 25.00%
-----------------------------------------
| eval/                   |             |
|    mean_ep_length       | 152         |
|    mean_reward          | 25.8        |
|    success_rate         | 0.25        |
| time/                   |             |
|    total_timesteps      | 2778888     |
| train/                  |             |
|    approx_kl            | 0.008249943 |
|    clip_fraction        | 0.0954      |
|    clip_range           | 0.2         |
|    entropy_loss         | -9.41       |
|    explained_variance   | 0.551       |
|    learning_rate        | 0.0003      |
|    loss                 | 1.07        |
|    n_updates            | 1130        |
|    policy_gradient_loss | -0.00591    |
|    std                  | 0.937       |
|    value_loss           | 2.3         |
-----------------------------------------
Eval num_timesteps=2798880, episode_reward=43.98 +/- 50.02
Episode length: 125.30 +/- 91.83
Success rate: 40.00%
---------------------------------
| eval/              |          |
|    mean_ep_length  | 125      |
|    mean_reward     | 44       |
|    success_rate    | 0.4      |
| time/              |          |
|    total_timesteps | 2798880  |
---------------------------------
---------------------------------
| rollout/           |          |
|    ep_len_mean     | 97.1     |
|    ep_rew_mean     | 66.5     |
|    success_rate    | 0.64     |
| time/              |          |
|    fps             | 2781     |
|    iterations      | 114      |
|    time_elapsed    | 1007     |
|    total_timesteps | 2801664  |
---------------------------------
Eval num_timesteps=2818872, episode_reward=53.27 +/- 51.24
Episode length: 108.70 +/- 91.82
Success rate: 50.00%
-----------------------------------------
| eval/                   |             |
|    mean_ep_length       | 109         |
|    mean_reward          | 53.3        |
|    success_rate         | 0.5         |
| time/                   |             |
|    total_timesteps      | 2818872     |
| train/                  |             |
|    approx_kl            | 0.006842049 |
|    clip_fraction        | 0.0792      |
|    clip_range           | 0.2         |
|    entropy_loss         | -9.4        |
|    explained_variance   | 0.57        |
|    learning_rate        | 0.0003      |
|    loss                 | 1.1         |
|    n_updates            | 1140        |
|    policy_gradient_loss | -0.00537    |
|    std                  | 0.935       |
|    value_loss           | 2.24        |
-----------------------------------------
---------------------------------
| rollout/           |          |
|    ep_len_mean     | 118      |
|    ep_rew_mean     | 51.6     |
|    success_rate    | 0.51     |
| time/              |          |
|    fps             | 2784     |
|    iterations      | 115      |
|    time_elapsed    | 1015     |
|    total_timesteps | 2826240  |
---------------------------------
Eval num_timesteps=2838864, episode_reward=47.23 +/- 52.95
Episode length: 118.30 +/- 90.98
Success rate: 45.00%
------------------------------------------
| eval/                   |              |
|    mean_ep_length       | 118          |
|    mean_reward          | 47.2         |
|    success_rate         | 0.45         |
| time/                   |              |
|    total_timesteps      | 2838864      |
| train/                  |              |
|    approx_kl            | 0.0076384493 |
|    clip_fraction        | 0.079        |
|    clip_range           | 0.2          |
|    entropy_loss         | -9.38        |
|    explained_variance   | 0.546        |
|    learning_rate        | 0.0003       |
|    loss                 | 0.993        |
|    n_updates            | 1150         |
|    policy_gradient_loss | -0.00566     |
|    std                  | 0.933        |
|    value_loss           | 2.29         |
------------------------------------------
---------------------------------
| rollout/           |          |
|    ep_len_mean     | 105      |
|    ep_rew_mean     | 62.1     |
|    success_rate    | 0.6      |
| time/              |          |
|    fps             | 2785     |
|    iterations      | 116      |
|    time_elapsed    | 1023     |
|    total_timesteps | 2850816  |
---------------------------------
Eval num_timesteps=2858856, episode_reward=56.28 +/- 54.96
Episode length: 105.75 +/- 89.18
Success rate: 55.00%
------------------------------------------
| eval/                   |              |
|    mean_ep_length       | 106          |
|    mean_reward          | 56.3         |
|    success_rate         | 0.55         |
| time/                   |              |
|    total_timesteps      | 2858856      |
| train/                  |              |
|    approx_kl            | 0.0075603933 |
|    clip_fraction        | 0.0947       |
|    clip_range           | 0.2          |
|    entropy_loss         | -9.38        |
|    explained_variance   | 0.538        |
|    learning_rate        | 0.0003       |
|    loss                 | 1.11         |
|    n_updates            | 1160         |
|    policy_gradient_loss | -0.00625     |
|    std                  | 0.934        |
|    value_loss           | 2.43         |
------------------------------------------
---------------------------------
| rollout/           |          |
|    ep_len_mean     | 105      |
|    ep_rew_mean     | 59.9     |
|    success_rate    | 0.59     |
| time/              |          |
|    fps             | 2787     |
|    iterations      | 117      |
|    time_elapsed    | 1031     |
|    total_timesteps | 2875392  |
---------------------------------
Eval num_timesteps=2878848, episode_reward=42.12 +/- 51.17
Episode length: 123.95 +/- 93.17
Success rate: 40.00%
-----------------------------------------
| eval/                   |             |
|    mean_ep_length       | 124         |
|    mean_reward          | 42.1        |
|    success_rate         | 0.4         |
| time/                   |             |
|    total_timesteps      | 2878848     |
| train/                  |             |
|    approx_kl            | 0.009069222 |
|    clip_fraction        | 0.0932      |
|    clip_range           | 0.2         |
|    entropy_loss         | -9.39       |
|    explained_variance   | 0.556       |
|    learning_rate        | 0.0003      |
|    loss                 | 1.17        |
|    n_updates            | 1170        |
|    policy_gradient_loss | -0.00587    |
|    std                  | 0.936       |
|    value_loss           | 2.4         |
-----------------------------------------
Eval num_timesteps=2898840, episode_reward=75.03 +/- 46.44
Episode length: 75.65 +/- 84.74
Success rate: 70.00%
---------------------------------
| eval/              |          |
|    mean_ep_length  | 75.7     |
|    mean_reward     | 75       |
|    success_rate    | 0.7      |
| time/              |          |
|    total_timesteps | 2898840  |
---------------------------------
New best mean reward!
---------------------------------
| rollout/           |          |
|    ep_len_mean     | 117      |
|    ep_rew_mean     | 51.9     |
|    success_rate    | 0.51     |
| time/              |          |
|    fps             | 2784     |
|    iterations      | 118      |
|    time_elapsed    | 1041     |
|    total_timesteps | 2899968  |
---------------------------------
Eval num_timesteps=2918832, episode_reward=42.42 +/- 51.99
Episode length: 125.25 +/- 91.70
Success rate: 40.00%
------------------------------------------
| eval/                   |              |
|    mean_ep_length       | 125          |
|    mean_reward          | 42.4         |
|    success_rate         | 0.4          |
| time/                   |              |
|    total_timesteps      | 2918832      |
| train/                  |              |
|    approx_kl            | 0.0080143735 |
|    clip_fraction        | 0.091        |
|    clip_range           | 0.2          |
|    entropy_loss         | -9.4         |
|    explained_variance   | 0.557        |
|    learning_rate        | 0.0003       |
|    loss                 | 0.985        |
|    n_updates            | 1180         |
|    policy_gradient_loss | -0.0061      |
|    std                  | 0.937        |
|    value_loss           | 2.09         |
------------------------------------------
---------------------------------
| rollout/           |          |
|    ep_len_mean     | 100      |
|    ep_rew_mean     | 64       |
|    success_rate    | 0.62     |
| time/              |          |
|    fps             | 2786     |
|    iterations      | 119      |
|    time_elapsed    | 1049     |
|    total_timesteps | 2924544  |
---------------------------------
Eval num_timesteps=2938824, episode_reward=47.42 +/- 53.47
Episode length: 117.00 +/- 91.90
Success rate: 45.00%
------------------------------------------
| eval/                   |              |
|    mean_ep_length       | 117          |
|    mean_reward          | 47.4         |
|    success_rate         | 0.45         |
| time/                   |              |
|    total_timesteps      | 2938824      |
| train/                  |              |
|    approx_kl            | 0.0070831007 |
|    clip_fraction        | 0.0824       |
|    clip_range           | 0.2          |
|    entropy_loss         | -9.41        |
|    explained_variance   | 0.55         |
|    learning_rate        | 0.0003       |
|    loss                 | 1.13         |
|    n_updates            | 1190         |
|    policy_gradient_loss | -0.00552     |
|    std                  | 0.939        |
|    value_loss           | 2.42         |
------------------------------------------
---------------------------------
| rollout/           |          |
|    ep_len_mean     | 106      |
|    ep_rew_mean     | 59.8     |
|    success_rate    | 0.58     |
| time/              |          |
|    fps             | 2788     |
|    iterations      | 120      |
|    time_elapsed    | 1057     |
|    total_timesteps | 2949120  |
---------------------------------
Eval num_timesteps=2958816, episode_reward=19.36 +/- 43.60
Episode length: 162.10 +/- 75.85
Success rate: 20.00%
-----------------------------------------
| eval/                   |             |
|    mean_ep_length       | 162         |
|    mean_reward          | 19.4        |
|    success_rate         | 0.2         |
| time/                   |             |
|    total_timesteps      | 2958816     |
| train/                  |             |
|    approx_kl            | 0.008241453 |
|    clip_fraction        | 0.0873      |
|    clip_range           | 0.2         |
|    entropy_loss         | -9.41       |
|    explained_variance   | 0.583       |
|    learning_rate        | 0.0003      |
|    loss                 | 1.08        |
|    n_updates            | 1200        |
|    policy_gradient_loss | -0.00504    |
|    std                  | 0.938       |
|    value_loss           | 2.4         |
-----------------------------------------
---------------------------------
| rollout/           |          |
|    ep_len_mean     | 127      |
|    ep_rew_mean     | 45.6     |
|    success_rate    | 0.46     |
| time/              |          |
|    fps             | 2788     |
|    iterations      | 121      |
|    time_elapsed    | 1066     |
|    total_timesteps | 2973696  |
---------------------------------
Eval num_timesteps=2978808, episode_reward=42.54 +/- 51.33
Episode length: 124.95 +/- 92.07
Success rate: 40.00%
------------------------------------------
| eval/                   |              |
|    mean_ep_length       | 125          |
|    mean_reward          | 42.5         |
|    success_rate         | 0.4          |
| time/                   |              |
|    total_timesteps      | 2978808      |
| train/                  |              |
|    approx_kl            | 0.0071951724 |
|    clip_fraction        | 0.0923       |
|    clip_range           | 0.2          |
|    entropy_loss         | -9.4         |
|    explained_variance   | 0.588        |
|    learning_rate        | 0.0003       |
|    loss                 | 0.984        |
|    n_updates            | 1210         |
|    policy_gradient_loss | -0.00585     |
|    std                  | 0.935        |
|    value_loss           | 2.15         |
------------------------------------------
---------------------------------
| rollout/           |          |
|    ep_len_mean     | 112      |
|    ep_rew_mean     | 52.4     |
|    success_rate    | 0.52     |
| time/              |          |
|    fps             | 2791     |
|    iterations      | 122      |
|    time_elapsed    | 1074     |
|    total_timesteps | 2998272  |
---------------------------------
Eval num_timesteps=2998800, episode_reward=29.77 +/- 51.57
Episode length: 147.10 +/- 81.37
Success rate: 30.00%
-----------------------------------------
| eval/                   |             |
|    mean_ep_length       | 147         |
|    mean_reward          | 29.8        |
|    success_rate         | 0.3         |
| time/                   |             |
|    total_timesteps      | 2998800     |
| train/                  |             |
|    approx_kl            | 0.008043392 |
|    clip_fraction        | 0.0905      |
|    clip_range           | 0.2         |
|    entropy_loss         | -9.39       |
|    explained_variance   | 0.551       |
|    learning_rate        | 0.0003      |
|    loss                 | 0.969       |
|    n_updates            | 1220        |
|    policy_gradient_loss | -0.00621    |
|    std                  | 0.934       |
|    value_loss           | 2.2         |
-----------------------------------------
Eval num_timesteps=3018792, episode_reward=34.62 +/- 52.92
Episode length: 145.00 +/- 78.21
Success rate: 35.00%
---------------------------------
| eval/              |          |
|    mean_ep_length  | 145      |
|    mean_reward     | 34.6     |
|    success_rate    | 0.35     |
| time/              |          |
|    total_timesteps | 3018792  |
---------------------------------
---------------------------------
| rollout/           |          |
|    ep_len_mean     | 100      |
|    ep_rew_mean     | 61.4     |
|    success_rate    | 0.59     |
| time/              |          |
|    fps             | 2786     |
|    iterations      | 123      |
|    time_elapsed    | 1084     |
|    total_timesteps | 3022848  |
---------------------------------
Eval num_timesteps=3038784, episode_reward=29.77 +/- 49.61
Episode length: 148.85 +/- 80.19
Success rate: 30.00%
------------------------------------------
| eval/                   |              |
|    mean_ep_length       | 149          |
|    mean_reward          | 29.8         |
|    success_rate         | 0.3          |
| time/                   |              |
|    total_timesteps      | 3038784      |
| train/                  |              |
|    approx_kl            | 0.0079249935 |
|    clip_fraction        | 0.0854       |
|    clip_range           | 0.2          |
|    entropy_loss         | -9.38        |
|    explained_variance   | 0.557        |
|    learning_rate        | 0.0003       |
|    loss                 | 1.09         |
|    n_updates            | 1230         |
|    policy_gradient_loss | -0.00479     |
|    std                  | 0.933        |
|    value_loss           | 2.36         |
------------------------------------------
---------------------------------
| rollout/           |          |
|    ep_len_mean     | 105      |
|    ep_rew_mean     | 61.2     |
|    success_rate    | 0.59     |
| time/              |          |
|    fps             | 2787     |
|    iterations      | 124      |
|    time_elapsed    | 1093     |
|    total_timesteps | 3047424  |
---------------------------------
Eval num_timesteps=3058776, episode_reward=34.01 +/- 53.04
Episode length: 140.80 +/- 82.38
Success rate: 35.00%
-----------------------------------------
| eval/                   |             |
|    mean_ep_length       | 141         |
|    mean_reward          | 34          |
|    success_rate         | 0.35        |
| time/                   |             |
|    total_timesteps      | 3058776     |
| train/                  |             |
|    approx_kl            | 0.009491156 |
|    clip_fraction        | 0.102       |
|    clip_range           | 0.2         |
|    entropy_loss         | -9.38       |
|    explained_variance   | 0.543       |
|    learning_rate        | 0.0003      |
|    loss                 | 1.01        |
|    n_updates            | 1240        |
|    policy_gradient_loss | -0.00572    |
|    std                  | 0.934       |
|    value_loss           | 2.32        |
-----------------------------------------
---------------------------------
| rollout/           |          |
|    ep_len_mean     | 99.8     |
|    ep_rew_mean     | 65.7     |
|    success_rate    | 0.63     |
| time/              |          |
|    fps             | 2788     |
|    iterations      | 125      |
|    time_elapsed    | 1101     |
|    total_timesteps | 3072000  |
---------------------------------
Eval num_timesteps=3078768, episode_reward=54.72 +/- 51.82
Episode length: 116.15 +/- 87.59
Success rate: 50.00%
-----------------------------------------
| eval/                   |             |
|    mean_ep_length       | 116         |
|    mean_reward          | 54.7        |
|    success_rate         | 0.5         |
| time/                   |             |
|    total_timesteps      | 3078768     |
| train/                  |             |
|    approx_kl            | 0.010316317 |
|    clip_fraction        | 0.108       |
|    clip_range           | 0.2         |
|    entropy_loss         | -9.38       |
|    explained_variance   | 0.559       |
|    learning_rate        | 0.0003      |
|    loss                 | 1.08        |
|    n_updates            | 1250        |
|    policy_gradient_loss | -0.00525    |
|    std                  | 0.934       |
|    value_loss           | 2.3         |
-----------------------------------------
---------------------------------
| rollout/           |          |
|    ep_len_mean     | 92.4     |
|    ep_rew_mean     | 70.4     |
|    success_rate    | 0.68     |
| time/              |          |
|    fps             | 2790     |
|    iterations      | 126      |
|    time_elapsed    | 1109     |
|    total_timesteps | 3096576  |
---------------------------------
Eval num_timesteps=3098760, episode_reward=46.43 +/- 54.44
Episode length: 120.80 +/- 90.98
Success rate: 45.00%
-----------------------------------------
| eval/                   |             |
|    mean_ep_length       | 121         |
|    mean_reward          | 46.4        |
|    success_rate         | 0.45        |
| time/                   |             |
|    total_timesteps      | 3098760     |
| train/                  |             |
|    approx_kl            | 0.008003858 |
|    clip_fraction        | 0.0752      |
|    clip_range           | 0.2         |
|    entropy_loss         | -9.37       |
|    explained_variance   | 0.587       |
|    learning_rate        | 0.0003      |
|    loss                 | 1.16        |
|    n_updates            | 1260        |
|    policy_gradient_loss | -0.00506    |
|    std                  | 0.931       |
|    value_loss           | 2.51        |
-----------------------------------------
Eval num_timesteps=3118752, episode_reward=49.50 +/- 56.48
Episode length: 110.75 +/- 89.89
Success rate: 50.00%
---------------------------------
| eval/              |          |
|    mean_ep_length  | 111      |
|    mean_reward     | 49.5     |
|    success_rate    | 0.5      |
| time/              |          |
|    total_timesteps | 3118752  |
---------------------------------
---------------------------------
| rollout/           |          |
|    ep_len_mean     | 105      |
|    ep_rew_mean     | 62       |
|    success_rate    | 0.6      |
| time/              |          |
|    fps             | 2788     |
|    iterations      | 127      |
|    time_elapsed    | 1119     |
|    total_timesteps | 3121152  |
---------------------------------
Eval num_timesteps=3138744, episode_reward=20.27 +/- 45.48
Episode length: 166.65 +/- 68.43
Success rate: 20.00%
-----------------------------------------
| eval/                   |             |
|    mean_ep_length       | 167         |
|    mean_reward          | 20.3        |
|    success_rate         | 0.2         |
| time/                   |             |
|    total_timesteps      | 3138744     |
| train/                  |             |
|    approx_kl            | 0.008124982 |
|    clip_fraction        | 0.103       |
|    clip_range           | 0.2         |
|    entropy_loss         | -9.35       |
|    explained_variance   | 0.579       |
|    learning_rate        | 0.0003      |
|    loss                 | 1.13        |
|    n_updates            | 1270        |
|    policy_gradient_loss | -0.00621    |
|    std                  | 0.929       |
|    value_loss           | 2.4         |
-----------------------------------------
---------------------------------
| rollout/           |          |
|    ep_len_mean     | 94.6     |
|    ep_rew_mean     | 67.3     |
|    success_rate    | 0.65     |
| time/              |          |
|    fps             | 2788     |
|    iterations      | 128      |
|    time_elapsed    | 1128     |
|    total_timesteps | 3145728  |
---------------------------------
Eval num_timesteps=3158736, episode_reward=23.88 +/- 52.27
Episode length: 166.05 +/- 69.03
Success rate: 20.00%
----------------------------------------
| eval/                   |            |
|    mean_ep_length       | 166        |
|    mean_reward          | 23.9       |
|    success_rate         | 0.2        |
| time/                   |            |
|    total_timesteps      | 3158736    |
| train/                  |            |
|    approx_kl            | 0.00856273 |
|    clip_fraction        | 0.106      |
|    clip_range           | 0.2        |
|    entropy_loss         | -9.35      |
|    explained_variance   | 0.582      |
|    learning_rate        | 0.0003     |
|    loss                 | 1.14       |
|    n_updates            | 1280       |
|    policy_gradient_loss | -0.00669   |
|    std                  | 0.931      |
|    value_loss           | 2.56       |
----------------------------------------
---------------------------------
| rollout/           |          |
|    ep_len_mean     | 115      |
|    ep_rew_mean     | 55       |
|    success_rate    | 0.53     |
| time/              |          |
|    fps             | 2788     |
|    iterations      | 129      |
|    time_elapsed    | 1136     |
|    total_timesteps | 3170304  |
---------------------------------
Eval num_timesteps=3178728, episode_reward=45.37 +/- 54.92
Episode length: 116.60 +/- 92.25
Success rate: 45.00%
------------------------------------------
| eval/                   |              |
|    mean_ep_length       | 117          |
|    mean_reward          | 45.4         |
|    success_rate         | 0.45         |
| time/                   |              |
|    total_timesteps      | 3178728      |
| train/                  |              |
|    approx_kl            | 0.0059737503 |
|    clip_fraction        | 0.0632       |
|    clip_range           | 0.2          |
|    entropy_loss         | -9.35        |
|    explained_variance   | 0.598        |
|    learning_rate        | 0.0003       |
|    loss                 | 0.914        |
|    n_updates            | 1290         |
|    policy_gradient_loss | -0.0054      |
|    std                  | 0.929        |
|    value_loss           | 2            |
------------------------------------------
---------------------------------
| rollout/           |          |
|    ep_len_mean     | 100      |
|    ep_rew_mean     | 64.9     |
|    success_rate    | 0.63     |
| time/              |          |
|    fps             | 2789     |
|    iterations      | 130      |
|    time_elapsed    | 1145     |
|    total_timesteps | 3194880  |
---------------------------------
Eval num_timesteps=3198720, episode_reward=40.16 +/- 53.02
Episode length: 124.45 +/- 92.54
Success rate: 40.00%
-----------------------------------------
| eval/                   |             |
|    mean_ep_length       | 124         |
|    mean_reward          | 40.2        |
|    success_rate         | 0.4         |
| time/                   |             |
|    total_timesteps      | 3198720     |
| train/                  |             |
|    approx_kl            | 0.008376709 |
|    clip_fraction        | 0.105       |
|    clip_range           | 0.2         |
|    entropy_loss         | -9.33       |
|    explained_variance   | 0.574       |
|    learning_rate        | 0.0003      |
|    loss                 | 1.23        |
|    n_updates            | 1300        |
|    policy_gradient_loss | -0.0066     |
|    std                  | 0.927       |
|    value_loss           | 2.54        |
-----------------------------------------
Eval num_timesteps=3218712, episode_reward=47.15 +/- 53.62
Episode length: 116.90 +/- 92.15
Success rate: 45.00%
---------------------------------
| eval/              |          |
|    mean_ep_length  | 117      |
|    mean_reward     | 47.2     |
|    success_rate    | 0.45     |
| time/              |          |
|    total_timesteps | 3218712  |
---------------------------------
---------------------------------
| rollout/           |          |
|    ep_len_mean     | 96.5     |
|    ep_rew_mean     | 63.2     |
|    success_rate    | 0.61     |
| time/              |          |
|    fps             | 2788     |
|    iterations      | 131      |
|    time_elapsed    | 1154     |
|    total_timesteps | 3219456  |
---------------------------------
Eval num_timesteps=3238704, episode_reward=46.18 +/- 53.59
Episode length: 115.25 +/- 93.74
Success rate: 45.00%
-----------------------------------------
| eval/                   |             |
|    mean_ep_length       | 115         |
|    mean_reward          | 46.2        |
|    success_rate         | 0.45        |
| time/                   |             |
|    total_timesteps      | 3238704     |
| train/                  |             |
|    approx_kl            | 0.008629107 |
|    clip_fraction        | 0.107       |
|    clip_range           | 0.2         |
|    entropy_loss         | -9.33       |
|    explained_variance   | 0.613       |
|    learning_rate        | 0.0003      |
|    loss                 | 1.15        |
|    n_updates            | 1310        |
|    policy_gradient_loss | -0.00557    |
|    std                  | 0.927       |
|    value_loss           | 2.39        |
-----------------------------------------
---------------------------------
| rollout/           |          |
|    ep_len_mean     | 99.2     |
|    ep_rew_mean     | 62       |
|    success_rate    | 0.6      |
| time/              |          |
|    fps             | 2789     |
|    iterations      | 132      |
|    time_elapsed    | 1163     |
|    total_timesteps | 3244032  |
---------------------------------
Eval num_timesteps=3258696, episode_reward=30.66 +/- 49.47
Episode length: 147.85 +/- 82.03
Success rate: 30.00%
-----------------------------------------
| eval/                   |             |
|    mean_ep_length       | 148         |
|    mean_reward          | 30.7        |
|    success_rate         | 0.3         |
| time/                   |             |
|    total_timesteps      | 3258696     |
| train/                  |             |
|    approx_kl            | 0.009057927 |
|    clip_fraction        | 0.103       |
|    clip_range           | 0.2         |
|    entropy_loss         | -9.33       |
|    explained_variance   | 0.595       |
|    learning_rate        | 0.0003      |
|    loss                 | 1.14        |
|    n_updates            | 1320        |
|    policy_gradient_loss | -0.00609    |
|    std                  | 0.928       |
|    value_loss           | 2.51        |
-----------------------------------------
---------------------------------
| rollout/           |          |
|    ep_len_mean     | 105      |
|    ep_rew_mean     | 59.1     |
|    success_rate    | 0.58     |
| time/              |          |
|    fps             | 2789     |
|    iterations      | 133      |
|    time_elapsed    | 1171     |
|    total_timesteps | 3268608  |
---------------------------------
Eval num_timesteps=3278688, episode_reward=49.89 +/- 55.09
Episode length: 105.95 +/- 94.07
Success rate: 50.00%
------------------------------------------
| eval/                   |              |
|    mean_ep_length       | 106          |
|    mean_reward          | 49.9         |
|    success_rate         | 0.5          |
| time/                   |              |
|    total_timesteps      | 3278688      |
| train/                  |              |
|    approx_kl            | 0.0071803867 |
|    clip_fraction        | 0.0772       |
|    clip_range           | 0.2          |
|    entropy_loss         | -9.33        |
|    explained_variance   | 0.619        |
|    learning_rate        | 0.0003       |
|    loss                 | 1.04         |
|    n_updates            | 1330         |
|    policy_gradient_loss | -0.00513     |
|    std                  | 0.928        |
|    value_loss           | 2.21         |
------------------------------------------
---------------------------------
| rollout/           |          |
|    ep_len_mean     | 106      |
|    ep_rew_mean     | 60.4     |
|    success_rate    | 0.58     |
| time/              |          |
|    fps             | 2791     |
|    iterations      | 134      |
|    time_elapsed    | 1179     |
|    total_timesteps | 3293184  |
---------------------------------
Eval num_timesteps=3298680, episode_reward=42.05 +/- 51.52
Episode length: 125.00 +/- 91.90
Success rate: 40.00%
----------------------------------------
| eval/                   |            |
|    mean_ep_length       | 125        |
|    mean_reward          | 42.1       |
|    success_rate         | 0.4        |
| time/                   |            |
|    total_timesteps      | 3298680    |
| train/                  |            |
|    approx_kl            | 0.00990036 |
|    clip_fraction        | 0.101      |
|    clip_range           | 0.2        |
|    entropy_loss         | -9.33      |
|    explained_variance   | 0.613      |
|    learning_rate        | 0.0003     |
|    loss                 | 1.14       |
|    n_updates            | 1340       |
|    policy_gradient_loss | -0.00564   |
|    std                  | 0.929      |
|    value_loss           | 2.35       |
----------------------------------------
---------------------------------
| rollout/           |          |
|    ep_len_mean     | 106      |
|    ep_rew_mean     | 56.7     |
|    success_rate    | 0.56     |
| time/              |          |
|    fps             | 2792     |
|    iterations      | 135      |
|    time_elapsed    | 1188     |
|    total_timesteps | 3317760  |
---------------------------------
Eval num_timesteps=3318672, episode_reward=63.54 +/- 50.96
Episode length: 86.60 +/- 92.62
Success rate: 60.00%
-----------------------------------------
| eval/                   |             |
|    mean_ep_length       | 86.6        |
|    mean_reward          | 63.5        |
|    success_rate         | 0.6         |
| time/                   |             |
|    total_timesteps      | 3318672     |
| train/                  |             |
|    approx_kl            | 0.008548333 |
|    clip_fraction        | 0.0944      |
|    clip_range           | 0.2         |
|    entropy_loss         | -9.33       |
|    explained_variance   | 0.593       |
|    learning_rate        | 0.0003      |
|    loss                 | 1.02        |
|    n_updates            | 1350        |
|    policy_gradient_loss | -0.00642    |
|    std                  | 0.93        |
|    value_loss           | 2.37        |
-----------------------------------------
Eval num_timesteps=3338664, episode_reward=67.62 +/- 51.65
Episode length: 78.25 +/- 89.69
Success rate: 65.00%
---------------------------------
| eval/              |          |
|    mean_ep_length  | 78.2     |
|    mean_reward     | 67.6     |
|    success_rate    | 0.65     |
| time/              |          |
|    total_timesteps | 3338664  |
---------------------------------
---------------------------------
| rollout/           |          |
|    ep_len_mean     | 105      |
|    ep_rew_mean     | 60.4     |
|    success_rate    | 0.59     |
| time/              |          |
|    fps             | 2791     |
|    iterations      | 136      |
|    time_elapsed    | 1197     |
|    total_timesteps | 3342336  |
---------------------------------
Eval num_timesteps=3358656, episode_reward=56.47 +/- 53.34
Episode length: 97.00 +/- 93.22
Success rate: 55.00%
-----------------------------------------
| eval/                   |             |
|    mean_ep_length       | 97          |
|    mean_reward          | 56.5        |
|    success_rate         | 0.55        |
| time/                   |             |
|    total_timesteps      | 3358656     |
| train/                  |             |
|    approx_kl            | 0.007709513 |
|    clip_fraction        | 0.0882      |
|    clip_range           | 0.2         |
|    entropy_loss         | -9.34       |
|    explained_variance   | 0.574       |
|    learning_rate        | 0.0003      |
|    loss                 | 1.11        |
|    n_updates            | 1360        |
|    policy_gradient_loss | -0.00523    |
|    std                  | 0.932       |
|    value_loss           | 2.36        |
-----------------------------------------
---------------------------------
| rollout/           |          |
|    ep_len_mean     | 110      |
|    ep_rew_mean     | 58.7     |
|    success_rate    | 0.57     |
| time/              |          |
|    fps             | 2793     |
|    iterations      | 137      |
|    time_elapsed    | 1205     |
|    total_timesteps | 3366912  |
---------------------------------
Eval num_timesteps=3378648, episode_reward=51.55 +/- 53.77
Episode length: 104.60 +/- 95.40
Success rate: 50.00%
------------------------------------------
| eval/                   |              |
|    mean_ep_length       | 105          |
|    mean_reward          | 51.5         |
|    success_rate         | 0.5          |
| time/                   |              |
|    total_timesteps      | 3378648      |
| train/                  |              |
|    approx_kl            | 0.0076721925 |
|    clip_fraction        | 0.0873       |
|    clip_range           | 0.2          |
|    entropy_loss         | -9.34        |
|    explained_variance   | 0.573        |
|    learning_rate        | 0.0003       |
|    loss                 | 1.08         |
|    n_updates            | 1370         |
|    policy_gradient_loss | -0.00552     |
|    std                  | 0.929        |
|    value_loss           | 2.35         |
------------------------------------------
---------------------------------
| rollout/           |          |
|    ep_len_mean     | 115      |
|    ep_rew_mean     | 50.7     |
|    success_rate    | 0.5      |
| time/              |          |
|    fps             | 2795     |
|    iterations      | 138      |
|    time_elapsed    | 1213     |
|    total_timesteps | 3391488  |
---------------------------------
Eval num_timesteps=3398640, episode_reward=47.30 +/- 58.35
Episode length: 105.55 +/- 94.48
Success rate: 50.00%
-----------------------------------------
| eval/                   |             |
|    mean_ep_length       | 106         |
|    mean_reward          | 47.3        |
|    success_rate         | 0.5         |
| time/                   |             |
|    total_timesteps      | 3398640     |
| train/                  |             |
|    approx_kl            | 0.006771671 |
|    clip_fraction        | 0.0893      |
|    clip_range           | 0.2         |
|    entropy_loss         | -9.32       |
|    explained_variance   | 0.581       |
|    learning_rate        | 0.0003      |
|    loss                 | 1.03        |
|    n_updates            | 1380        |
|    policy_gradient_loss | -0.00546    |
|    std                  | 0.927       |
|    value_loss           | 2.21        |
-----------------------------------------
---------------------------------
| rollout/           |          |
|    ep_len_mean     | 106      |
|    ep_rew_mean     | 57.8     |
|    success_rate    | 0.57     |
| time/              |          |
|    fps             | 2797     |
|    iterations      | 139      |
|    time_elapsed    | 1221     |
|    total_timesteps | 3416064  |
---------------------------------
Eval num_timesteps=3418632, episode_reward=39.61 +/- 53.48
Episode length: 124.00 +/- 93.08
Success rate: 40.00%
-----------------------------------------
| eval/                   |             |
|    mean_ep_length       | 124         |
|    mean_reward          | 39.6        |
|    success_rate         | 0.4         |
| time/                   |             |
|    total_timesteps      | 3418632     |
| train/                  |             |
|    approx_kl            | 0.008383157 |
|    clip_fraction        | 0.0916      |
|    clip_range           | 0.2         |
|    entropy_loss         | -9.31       |
|    explained_variance   | 0.562       |
|    learning_rate        | 0.0003      |
|    loss                 | 1.13        |
|    n_updates            | 1390        |
|    policy_gradient_loss | -0.00593    |
|    std                  | 0.926       |
|    value_loss           | 2.4         |
-----------------------------------------
Eval num_timesteps=3438624, episode_reward=50.13 +/- 54.42
Episode length: 105.25 +/- 94.76
Success rate: 50.00%
---------------------------------
| eval/              |          |
|    mean_ep_length  | 105      |
|    mean_reward     | 50.1     |
|    success_rate    | 0.5      |
| time/              |          |
|    total_timesteps | 3438624  |
---------------------------------
---------------------------------
| rollout/           |          |
|    ep_len_mean     | 97.5     |
|    ep_rew_mean     | 60.7     |
|    success_rate    | 0.59     |
| time/              |          |
|    fps             | 2795     |
|    iterations      | 140      |
|    time_elapsed    | 1230     |
|    total_timesteps | 3440640  |
---------------------------------
Eval num_timesteps=3458616, episode_reward=51.68 +/- 53.24
Episode length: 105.40 +/- 94.68
Success rate: 50.00%
-----------------------------------------
| eval/                   |             |
|    mean_ep_length       | 105         |
|    mean_reward          | 51.7        |
|    success_rate         | 0.5         |
| time/                   |             |
|    total_timesteps      | 3458616     |
| train/                  |             |
|    approx_kl            | 0.008872655 |
|    clip_fraction        | 0.117       |
|    clip_range           | 0.2         |
|    entropy_loss         | -9.3        |
|    explained_variance   | 0.597       |
|    learning_rate        | 0.0003      |
|    loss                 | 1.16        |
|    n_updates            | 1400        |
|    policy_gradient_loss | -0.00567    |
|    std                  | 0.925       |
|    value_loss           | 2.49        |
-----------------------------------------
---------------------------------
| rollout/           |          |
|    ep_len_mean     | 112      |
|    ep_rew_mean     | 58.3     |
|    success_rate    | 0.57     |
| time/              |          |
|    fps             | 2796     |
|    iterations      | 141      |
|    time_elapsed    | 1239     |
|    total_timesteps | 3465216  |
---------------------------------
Eval num_timesteps=3478608, episode_reward=65.64 +/- 54.21
Episode length: 80.10 +/- 89.38
Success rate: 65.00%
-----------------------------------------
| eval/                   |             |
|    mean_ep_length       | 80.1        |
|    mean_reward          | 65.6        |
|    success_rate         | 0.65        |
| time/                   |             |
|    total_timesteps      | 3478608     |
| train/                  |             |
|    approx_kl            | 0.009210559 |
|    clip_fraction        | 0.106       |
|    clip_range           | 0.2         |
|    entropy_loss         | -9.3        |
|    explained_variance   | 0.566       |
|    learning_rate        | 0.0003      |
|    loss                 | 1.16        |
|    n_updates            | 1410        |
|    policy_gradient_loss | -0.00678    |
|    std                  | 0.926       |
|    value_loss           | 2.44        |
-----------------------------------------
---------------------------------
| rollout/           |          |
|    ep_len_mean     | 99.3     |
|    ep_rew_mean     | 62.1     |
|    success_rate    | 0.61     |
| time/              |          |
|    fps             | 2799     |
|    iterations      | 142      |
|    time_elapsed    | 1246     |
|    total_timesteps | 3489792  |
---------------------------------
Eval num_timesteps=3498600, episode_reward=43.79 +/- 56.12
Episode length: 114.40 +/- 94.65
Success rate: 45.00%
------------------------------------------
| eval/                   |              |
|    mean_ep_length       | 114          |
|    mean_reward          | 43.8         |
|    success_rate         | 0.45         |
| time/                   |              |
|    total_timesteps      | 3498600      |
| train/                  |              |
|    approx_kl            | 0.0074218535 |
|    clip_fraction        | 0.0945       |
|    clip_range           | 0.2          |
|    entropy_loss         | -9.3         |
|    explained_variance   | 0.581        |
|    learning_rate        | 0.0003       |
|    loss                 | 1.16         |
|    n_updates            | 1420         |
|    policy_gradient_loss | -0.00526     |
|    std                  | 0.925        |
|    value_loss           | 2.48         |
------------------------------------------
---------------------------------
| rollout/           |          |
|    ep_len_mean     | 112      |
|    ep_rew_mean     | 53.8     |
|    success_rate    | 0.53     |
| time/              |          |
|    fps             | 2800     |
|    iterations      | 143      |
|    time_elapsed    | 1254     |
|    total_timesteps | 3514368  |
---------------------------------
Eval num_timesteps=3518592, episode_reward=65.91 +/- 54.06
Episode length: 77.10 +/- 90.27
Success rate: 65.00%
-----------------------------------------
| eval/                   |             |
|    mean_ep_length       | 77.1        |
|    mean_reward          | 65.9        |
|    success_rate         | 0.65        |
| time/                   |             |
|    total_timesteps      | 3518592     |
| train/                  |             |
|    approx_kl            | 0.007359629 |
|    clip_fraction        | 0.1         |
|    clip_range           | 0.2         |
|    entropy_loss         | -9.29       |
|    explained_variance   | 0.597       |
|    learning_rate        | 0.0003      |
|    loss                 | 1.1         |
|    n_updates            | 1430        |
|    policy_gradient_loss | -0.00588    |
|    std                  | 0.925       |
|    value_loss           | 2.29        |
-----------------------------------------
Eval num_timesteps=3538584, episode_reward=45.80 +/- 53.70
Episode length: 114.00 +/- 95.08
Success rate: 45.00%
---------------------------------
| eval/              |          |
|    mean_ep_length  | 114      |
|    mean_reward     | 45.8     |
|    success_rate    | 0.45     |
| time/              |          |
|    total_timesteps | 3538584  |
---------------------------------
---------------------------------
| rollout/           |          |
|    ep_len_mean     | 114      |
|    ep_rew_mean     | 54       |
|    success_rate    | 0.54     |
| time/              |          |
|    fps             | 2799     |
|    iterations      | 144      |
|    time_elapsed    | 1264     |
|    total_timesteps | 3538944  |
---------------------------------
Eval num_timesteps=3558576, episode_reward=30.08 +/- 49.52
Episode length: 142.90 +/- 87.23
Success rate: 30.00%
-----------------------------------------
| eval/                   |             |
|    mean_ep_length       | 143         |
|    mean_reward          | 30.1        |
|    success_rate         | 0.3         |
| time/                   |             |
|    total_timesteps      | 3558576     |
| train/                  |             |
|    approx_kl            | 0.008650885 |
|    clip_fraction        | 0.0889      |
|    clip_range           | 0.2         |
|    entropy_loss         | -9.29       |
|    explained_variance   | 0.575       |
|    learning_rate        | 0.0003      |
|    loss                 | 1.08        |
|    n_updates            | 1440        |
|    policy_gradient_loss | -0.00702    |
|    std                  | 0.924       |
|    value_loss           | 2.33        |
-----------------------------------------
---------------------------------
| rollout/           |          |
|    ep_len_mean     | 106      |
|    ep_rew_mean     | 59.2     |
|    success_rate    | 0.58     |
| time/              |          |
|    fps             | 2800     |
|    iterations      | 145      |
|    time_elapsed    | 1272     |
|    total_timesteps | 3563520  |
---------------------------------
Eval num_timesteps=3578568, episode_reward=46.12 +/- 53.41
Episode length: 115.30 +/- 93.68
Success rate: 45.00%
-----------------------------------------
| eval/                   |             |
|    mean_ep_length       | 115         |
|    mean_reward          | 46.1        |
|    success_rate         | 0.45        |
| time/                   |             |
|    total_timesteps      | 3578568     |
| train/                  |             |
|    approx_kl            | 0.008578204 |
|    clip_fraction        | 0.0879      |
|    clip_range           | 0.2         |
|    entropy_loss         | -9.29       |
|    explained_variance   | 0.605       |
|    learning_rate        | 0.0003      |
|    loss                 | 1.21        |
|    n_updates            | 1450        |
|    policy_gradient_loss | -0.00516    |
|    std                  | 0.925       |
|    value_loss           | 2.47        |
-----------------------------------------
---------------------------------
| rollout/           |          |
|    ep_len_mean     | 89.4     |
|    ep_rew_mean     | 68.2     |
|    success_rate    | 0.66     |
| time/              |          |
|    fps             | 2802     |
|    iterations      | 146      |
|    time_elapsed    | 1280     |
|    total_timesteps | 3588096  |
---------------------------------
Eval num_timesteps=3598560, episode_reward=30.03 +/- 49.79
Episode length: 143.55 +/- 86.25
Success rate: 30.00%
-----------------------------------------
| eval/                   |             |
|    mean_ep_length       | 144         |
|    mean_reward          | 30          |
|    success_rate         | 0.3         |
| time/                   |             |
|    total_timesteps      | 3598560     |
| train/                  |             |
|    approx_kl            | 0.008665782 |
|    clip_fraction        | 0.0894      |
|    clip_range           | 0.2         |
|    entropy_loss         | -9.29       |
|    explained_variance   | 0.613       |
|    learning_rate        | 0.0003      |
|    loss                 | 1.09        |
|    n_updates            | 1460        |
|    policy_gradient_loss | -0.00687    |
|    std                  | 0.925       |
|    value_loss           | 2.36        |
-----------------------------------------
---------------------------------
| rollout/           |          |
|    ep_len_mean     | 93.3     |
|    ep_rew_mean     | 65.5     |
|    success_rate    | 0.64     |
| time/              |          |
|    fps             | 2803     |
|    iterations      | 147      |
|    time_elapsed    | 1288     |
|    total_timesteps | 3612672  |
---------------------------------
Eval num_timesteps=3618552, episode_reward=61.23 +/- 54.54
Episode length: 87.60 +/- 91.96
Success rate: 60.00%
-----------------------------------------
| eval/                   |             |
|    mean_ep_length       | 87.6        |
|    mean_reward          | 61.2        |
|    success_rate         | 0.6         |
| time/                   |             |
|    total_timesteps      | 3618552     |
| train/                  |             |
|    approx_kl            | 0.009106484 |
|    clip_fraction        | 0.107       |
|    clip_range           | 0.2         |
|    entropy_loss         | -9.28       |
|    explained_variance   | 0.599       |
|    learning_rate        | 0.0003      |
|    loss                 | 1.19        |
|    n_updates            | 1470        |
|    policy_gradient_loss | -0.00534    |
|    std                  | 0.923       |
|    value_loss           | 2.55        |
-----------------------------------------
---------------------------------
| rollout/           |          |
|    ep_len_mean     | 105      |
|    ep_rew_mean     | 57.1     |
|    success_rate    | 0.56     |
| time/              |          |
|    fps             | 2805     |
|    iterations      | 148      |
|    time_elapsed    | 1296     |
|    total_timesteps | 3637248  |
---------------------------------
Eval num_timesteps=3638544, episode_reward=28.11 +/- 50.93
Episode length: 143.40 +/- 86.49
Success rate: 30.00%
------------------------------------------
| eval/                   |              |
|    mean_ep_length       | 143          |
|    mean_reward          | 28.1         |
|    success_rate         | 0.3          |
| time/                   |              |
|    total_timesteps      | 3638544      |
| train/                  |              |
|    approx_kl            | 0.0072293268 |
|    clip_fraction        | 0.0813       |
|    clip_range           | 0.2          |
|    entropy_loss         | -9.28        |
|    explained_variance   | 0.603        |
|    learning_rate        | 0.0003       |
|    loss                 | 1.03         |
|    n_updates            | 1480         |
|    policy_gradient_loss | -0.00625     |
|    std                  | 0.924        |
|    value_loss           | 2.17         |
------------------------------------------
Eval num_timesteps=3658536, episode_reward=48.81 +/- 56.45
Episode length: 105.30 +/- 94.71
Success rate: 50.00%
---------------------------------
| eval/              |          |
|    mean_ep_length  | 105      |
|    mean_reward     | 48.8     |
|    success_rate    | 0.5      |
| time/              |          |
|    total_timesteps | 3658536  |
---------------------------------
---------------------------------
| rollout/           |          |
|    ep_len_mean     | 96.2     |
|    ep_rew_mean     | 63.4     |
|    success_rate    | 0.62     |
| time/              |          |
|    fps             | 2803     |
|    iterations      | 149      |
|    time_elapsed    | 1306     |
|    total_timesteps | 3661824  |
---------------------------------
Eval num_timesteps=3678528, episode_reward=42.04 +/- 51.17
Episode length: 124.05 +/- 93.02
Success rate: 40.00%
-----------------------------------------
| eval/                   |             |
|    mean_ep_length       | 124         |
|    mean_reward          | 42          |
|    success_rate         | 0.4         |
| time/                   |             |
|    total_timesteps      | 3678528     |
| train/                  |             |
|    approx_kl            | 0.008722502 |
|    clip_fraction        | 0.106       |
|    clip_range           | 0.2         |
|    entropy_loss         | -9.27       |
|    explained_variance   | 0.592       |
|    learning_rate        | 0.0003      |
|    loss                 | 1.07        |
|    n_updates            | 1490        |
|    policy_gradient_loss | -0.00655    |
|    std                  | 0.921       |
|    value_loss           | 2.37        |
-----------------------------------------
---------------------------------
| rollout/           |          |
|    ep_len_mean     | 96.9     |
|    ep_rew_mean     | 63.9     |
|    success_rate    | 0.61     |
| time/              |          |
|    fps             | 2803     |
|    iterations      | 150      |
|    time_elapsed    | 1314     |
|    total_timesteps | 3686400  |
---------------------------------
Eval num_timesteps=3698520, episode_reward=54.79 +/- 54.96
Episode length: 99.65 +/- 92.40
Success rate: 55.00%
-----------------------------------------
| eval/                   |             |
|    mean_ep_length       | 99.7        |
|    mean_reward          | 54.8        |
|    success_rate         | 0.55        |
| time/                   |             |
|    total_timesteps      | 3698520     |
| train/                  |             |
|    approx_kl            | 0.008506834 |
|    clip_fraction        | 0.0949      |
|    clip_range           | 0.2         |
|    entropy_loss         | -9.26       |
|    explained_variance   | 0.593       |
|    learning_rate        | 0.0003      |
|    loss                 | 1.2         |
|    n_updates            | 1500        |
|    policy_gradient_loss | -0.00606    |
|    std                  | 0.921       |
|    value_loss           | 2.5         |
-----------------------------------------
---------------------------------
| rollout/           |          |
|    ep_len_mean     | 103      |
|    ep_rew_mean     | 59.6     |
|    success_rate    | 0.58     |
| time/              |          |
|    fps             | 2805     |
|    iterations      | 151      |
|    time_elapsed    | 1322     |
|    total_timesteps | 3710976  |
---------------------------------
Eval num_timesteps=3718512, episode_reward=26.27 +/- 51.99
Episode length: 143.05 +/- 87.02
Success rate: 30.00%
-----------------------------------------
| eval/                   |             |
|    mean_ep_length       | 143         |
|    mean_reward          | 26.3        |
|    success_rate         | 0.3         |
| time/                   |             |
|    total_timesteps      | 3718512     |
| train/                  |             |
|    approx_kl            | 0.007410861 |
|    clip_fraction        | 0.072       |
|    clip_range           | 0.2         |
|    entropy_loss         | -9.26       |
|    explained_variance   | 0.612       |
|    learning_rate        | 0.0003      |
|    loss                 | 1.07        |
|    n_updates            | 1510        |
|    policy_gradient_loss | -0.00586    |
|    std                  | 0.922       |
|    value_loss           | 2.17        |
-----------------------------------------
---------------------------------
| rollout/           |          |
|    ep_len_mean     | 96.4     |
|    ep_rew_mean     | 66       |
|    success_rate    | 0.64     |
| time/              |          |
|    fps             | 2806     |
|    iterations      | 152      |
|    time_elapsed    | 1330     |
|    total_timesteps | 3735552  |
---------------------------------
Eval num_timesteps=3738504, episode_reward=20.92 +/- 49.43
Episode length: 152.80 +/- 81.77
Success rate: 25.00%
-----------------------------------------
| eval/                   |             |
|    mean_ep_length       | 153         |
|    mean_reward          | 20.9        |
|    success_rate         | 0.25        |
| time/                   |             |
|    total_timesteps      | 3738504     |
| train/                  |             |
|    approx_kl            | 0.008810184 |
|    clip_fraction        | 0.0978      |
|    clip_range           | 0.2         |
|    entropy_loss         | -9.26       |
|    explained_variance   | 0.573       |
|    learning_rate        | 0.0003      |
|    loss                 | 1.14        |
|    n_updates            | 1520        |
|    policy_gradient_loss | -0.00609    |
|    std                  | 0.921       |
|    value_loss           | 2.34        |
-----------------------------------------
Eval num_timesteps=3758496, episode_reward=40.47 +/- 53.33
Episode length: 127.75 +/- 89.38
Success rate: 40.00%
---------------------------------
| eval/              |          |
|    mean_ep_length  | 128      |
|    mean_reward     | 40.5     |
|    success_rate    | 0.4      |
| time/              |          |
|    total_timesteps | 3758496  |
---------------------------------
---------------------------------
| rollout/           |          |
|    ep_len_mean     | 99.9     |
|    ep_rew_mean     | 60.4     |
|    success_rate    | 0.59     |
| time/              |          |
|    fps             | 2804     |
|    iterations      | 153      |
|    time_elapsed    | 1340     |
|    total_timesteps | 3760128  |
---------------------------------
Eval num_timesteps=3778488, episode_reward=55.77 +/- 55.68
Episode length: 98.05 +/- 92.37
Success rate: 55.00%
-----------------------------------------
| eval/                   |             |
|    mean_ep_length       | 98          |
|    mean_reward          | 55.8        |
|    success_rate         | 0.55        |
| time/                   |             |
|    total_timesteps      | 3778488     |
| train/                  |             |
|    approx_kl            | 0.008285564 |
|    clip_fraction        | 0.092       |
|    clip_range           | 0.2         |
|    entropy_loss         | -9.25       |
|    explained_variance   | 0.609       |
|    learning_rate        | 0.0003      |
|    loss                 | 1.09        |
|    n_updates            | 1530        |
|    policy_gradient_loss | -0.00583    |
|    std                  | 0.918       |
|    value_loss           | 2.25        |
-----------------------------------------
---------------------------------
| rollout/           |          |
|    ep_len_mean     | 78.5     |
|    ep_rew_mean     | 71.3     |
|    success_rate    | 0.69     |
| time/              |          |
|    fps             | 2805     |
|    iterations      | 154      |
|    time_elapsed    | 1348     |
|    total_timesteps | 3784704  |
---------------------------------
Eval num_timesteps=3798480, episode_reward=58.02 +/- 52.23
Episode length: 100.45 +/- 91.05
Success rate: 55.00%
-----------------------------------------
| eval/                   |             |
|    mean_ep_length       | 100         |
|    mean_reward          | 58          |
|    success_rate         | 0.55        |
| time/                   |             |
|    total_timesteps      | 3798480     |
| train/                  |             |
|    approx_kl            | 0.007976763 |
|    clip_fraction        | 0.0935      |
|    clip_range           | 0.2         |
|    entropy_loss         | -9.24       |
|    explained_variance   | 0.61        |
|    learning_rate        | 0.0003      |
|    loss                 | 1.23        |
|    n_updates            | 1540        |
|    policy_gradient_loss | -0.00649    |
|    std                  | 0.919       |
|    value_loss           | 2.55        |
-----------------------------------------
---------------------------------
| rollout/           |          |
|    ep_len_mean     | 95       |
|    ep_rew_mean     | 63.8     |
|    success_rate    | 0.62     |
| time/              |          |
|    fps             | 2807     |
|    iterations      | 155      |
|    time_elapsed    | 1357     |
|    total_timesteps | 3809280  |
---------------------------------
Eval num_timesteps=3818472, episode_reward=57.87 +/- 52.57
Episode length: 95.95 +/- 94.20
Success rate: 55.00%
-----------------------------------------
| eval/                   |             |
|    mean_ep_length       | 96          |
|    mean_reward          | 57.9        |
|    success_rate         | 0.55        |
| time/                   |             |
|    total_timesteps      | 3818472     |
| train/                  |             |
|    approx_kl            | 0.009660609 |
|    clip_fraction        | 0.111       |
|    clip_range           | 0.2         |
|    entropy_loss         | -9.24       |
|    explained_variance   | 0.591       |
|    learning_rate        | 0.0003      |
|    loss                 | 1.13        |
|    n_updates            | 1550        |
|    policy_gradient_loss | -0.00598    |
|    std                  | 0.917       |
|    value_loss           | 2.43        |
-----------------------------------------
---------------------------------
| rollout/           |          |
|    ep_len_mean     | 93.3     |
|    ep_rew_mean     | 64       |
|    success_rate    | 0.62     |
| time/              |          |
|    fps             | 2808     |
|    iterations      | 156      |
|    time_elapsed    | 1365     |
|    total_timesteps | 3833856  |
---------------------------------
Eval num_timesteps=3838464, episode_reward=50.84 +/- 55.69
Episode length: 108.65 +/- 92.40
Success rate: 50.00%
-----------------------------------------
| eval/                   |             |
|    mean_ep_length       | 109         |
|    mean_reward          | 50.8        |
|    success_rate         | 0.5         |
| time/                   |             |
|    total_timesteps      | 3838464     |
| train/                  |             |
|    approx_kl            | 0.007896718 |
|    clip_fraction        | 0.107       |
|    clip_range           | 0.2         |
|    entropy_loss         | -9.23       |
|    explained_variance   | 0.595       |
|    learning_rate        | 0.0003      |
|    loss                 | 1.15        |
|    n_updates            | 1560        |
|    policy_gradient_loss | -0.00662    |
|    std                  | 0.919       |
|    value_loss           | 2.46        |
-----------------------------------------
---------------------------------
| rollout/           |          |
|    ep_len_mean     | 96.7     |
|    ep_rew_mean     | 63.6     |
|    success_rate    | 0.62     |
| time/              |          |
|    fps             | 2809     |
|    iterations      | 157      |
|    time_elapsed    | 1373     |
|    total_timesteps | 3858432  |
---------------------------------
Eval num_timesteps=3858456, episode_reward=46.16 +/- 53.21
Episode length: 116.25 +/- 92.72
Success rate: 45.00%
-----------------------------------------
| eval/                   |             |
|    mean_ep_length       | 116         |
|    mean_reward          | 46.2        |
|    success_rate         | 0.45        |
| time/                   |             |
|    total_timesteps      | 3858456     |
| train/                  |             |
|    approx_kl            | 0.008979577 |
|    clip_fraction        | 0.101       |
|    clip_range           | 0.2         |
|    entropy_loss         | -9.24       |
|    explained_variance   | 0.598       |
|    learning_rate        | 0.0003      |
|    loss                 | 1.13        |
|    n_updates            | 1570        |
|    policy_gradient_loss | -0.00651    |
|    std                  | 0.919       |
|    value_loss           | 2.43        |
-----------------------------------------
Eval num_timesteps=3878448, episode_reward=53.12 +/- 52.54
Episode length: 107.05 +/- 93.02
Success rate: 50.00%
---------------------------------
| eval/              |          |
|    mean_ep_length  | 107      |
|    mean_reward     | 53.1     |
|    success_rate    | 0.5      |
| time/              |          |
|    total_timesteps | 3878448  |
---------------------------------
---------------------------------
| rollout/           |          |
|    ep_len_mean     | 93.1     |
|    ep_rew_mean     | 62.8     |
|    success_rate    | 0.61     |
| time/              |          |
|    fps             | 2808     |
|    iterations      | 158      |
|    time_elapsed    | 1382     |
|    total_timesteps | 3883008  |
---------------------------------
Eval num_timesteps=3898440, episode_reward=46.71 +/- 54.22
Episode length: 120.75 +/- 89.83
Success rate: 45.00%
-----------------------------------------
| eval/                   |             |
|    mean_ep_length       | 121         |
|    mean_reward          | 46.7        |
|    success_rate         | 0.45        |
| time/                   |             |
|    total_timesteps      | 3898440     |
| train/                  |             |
|    approx_kl            | 0.008576626 |
|    clip_fraction        | 0.107       |
|    clip_range           | 0.2         |
|    entropy_loss         | -9.24       |
|    explained_variance   | 0.614       |
|    learning_rate        | 0.0003      |
|    loss                 | 1.04        |
|    n_updates            | 1580        |
|    policy_gradient_loss | -0.00639    |
|    std                  | 0.919       |
|    value_loss           | 2.32        |
-----------------------------------------
---------------------------------
| rollout/           |          |
|    ep_len_mean     | 91       |
|    ep_rew_mean     | 66.5     |
|    success_rate    | 0.64     |
| time/              |          |
|    fps             | 2808     |
|    iterations      | 159      |
|    time_elapsed    | 1391     |
|    total_timesteps | 3907584  |
---------------------------------
Eval num_timesteps=3918432, episode_reward=42.79 +/- 52.00
Episode length: 125.90 +/- 90.87
Success rate: 40.00%
-----------------------------------------
| eval/                   |             |
|    mean_ep_length       | 126         |
|    mean_reward          | 42.8        |
|    success_rate         | 0.4         |
| time/                   |             |
|    total_timesteps      | 3918432     |
| train/                  |             |
|    approx_kl            | 0.008827188 |
|    clip_fraction        | 0.106       |
|    clip_range           | 0.2         |
|    entropy_loss         | -9.24       |
|    explained_variance   | 0.597       |
|    learning_rate        | 0.0003      |
|    loss                 | 1.18        |
|    n_updates            | 1590        |
|    policy_gradient_loss | -0.00599    |
|    std                  | 0.92        |
|    value_loss           | 2.62        |
-----------------------------------------
---------------------------------
| rollout/           |          |
|    ep_len_mean     | 111      |
|    ep_rew_mean     | 57       |
|    success_rate    | 0.55     |
| time/              |          |
|    fps             | 2809     |
|    iterations      | 160      |
|    time_elapsed    | 1399     |
|    total_timesteps | 3932160  |
---------------------------------
Eval num_timesteps=3938424, episode_reward=29.99 +/- 49.78
Episode length: 143.05 +/- 87.00
Success rate: 30.00%
------------------------------------------
| eval/                   |              |
|    mean_ep_length       | 143          |
|    mean_reward          | 30           |
|    success_rate         | 0.3          |
| time/                   |              |
|    total_timesteps      | 3938424      |
| train/                  |              |
|    approx_kl            | 0.0085491715 |
|    clip_fraction        | 0.0895       |
|    clip_range           | 0.2          |
|    entropy_loss         | -9.24        |
|    explained_variance   | 0.627        |
|    learning_rate        | 0.0003       |
|    loss                 | 1.17         |
|    n_updates            | 1600         |
|    policy_gradient_loss | -0.00546     |
|    std                  | 0.921        |
|    value_loss           | 2.47         |
------------------------------------------
---------------------------------
| rollout/           |          |
|    ep_len_mean     | 96.4     |
|    ep_rew_mean     | 64.8     |
|    success_rate    | 0.63     |
| time/              |          |
|    fps             | 2809     |
|    iterations      | 161      |
|    time_elapsed    | 1408     |
|    total_timesteps | 3956736  |
---------------------------------
Eval num_timesteps=3958416, episode_reward=52.12 +/- 54.50
Episode length: 107.35 +/- 92.81
Success rate: 50.00%
------------------------------------------
| eval/                   |              |
|    mean_ep_length       | 107          |
|    mean_reward          | 52.1         |
|    success_rate         | 0.5          |
| time/                   |              |
|    total_timesteps      | 3958416      |
| train/                  |              |
|    approx_kl            | 0.0065119504 |
|    clip_fraction        | 0.0816       |
|    clip_range           | 0.2          |
|    entropy_loss         | -9.26        |
|    explained_variance   | 0.643        |
|    learning_rate        | 0.0003       |
|    loss                 | 1.1          |
|    n_updates            | 1610         |
|    policy_gradient_loss | -0.00553     |
|    std                  | 0.924        |
|    value_loss           | 2.3          |
------------------------------------------
Eval num_timesteps=3978408, episode_reward=27.48 +/- 52.14
Episode length: 142.95 +/- 87.16
Success rate: 30.00%
---------------------------------
| eval/              |          |
|    mean_ep_length  | 143      |
|    mean_reward     | 27.5     |
|    success_rate    | 0.3      |
| time/              |          |
|    total_timesteps | 3978408  |
---------------------------------
---------------------------------
| rollout/           |          |
|    ep_len_mean     | 109      |
|    ep_rew_mean     | 54.2     |
|    success_rate    | 0.53     |
| time/              |          |
|    fps             | 2806     |
|    iterations      | 162      |
|    time_elapsed    | 1418     |
|    total_timesteps | 3981312  |
---------------------------------
Eval num_timesteps=3998400, episode_reward=30.59 +/- 49.29
Episode length: 143.30 +/- 86.63
Success rate: 30.00%
-----------------------------------------
| eval/                   |             |
|    mean_ep_length       | 143         |
|    mean_reward          | 30.6        |
|    success_rate         | 0.3         |
| time/                   |             |
|    total_timesteps      | 3998400     |
| train/                  |             |
|    approx_kl            | 0.007604605 |
|    clip_fraction        | 0.0818      |
|    clip_range           | 0.2         |
|    entropy_loss         | -9.27       |
|    explained_variance   | 0.619       |
|    learning_rate        | 0.0003      |
|    loss                 | 1.06        |
|    n_updates            | 1620        |
|    policy_gradient_loss | -0.0063     |
|    std                  | 0.924       |
|    value_loss           | 2.09        |
-----------------------------------------
---------------------------------
| rollout/           |          |
|    ep_len_mean     | 91.5     |
|    ep_rew_mean     | 64.1     |
|    success_rate    | 0.62     |
| time/              |          |
|    fps             | 2807     |
|    iterations      | 163      |
|    time_elapsed    | 1426     |
|    total_timesteps | 4005888  |
---------------------------------
Eval num_timesteps=4018392, episode_reward=43.89 +/- 55.68
Episode length: 114.90 +/- 94.13
Success rate: 45.00%
-----------------------------------------
| eval/                   |             |
|    mean_ep_length       | 115         |
|    mean_reward          | 43.9        |
|    success_rate         | 0.45        |
| time/                   |             |
|    total_timesteps      | 4018392     |
| train/                  |             |
|    approx_kl            | 0.008325257 |
|    clip_fraction        | 0.0858      |
|    clip_range           | 0.2         |
|    entropy_loss         | -9.26       |
|    explained_variance   | 0.609       |
|    learning_rate        | 0.0003      |
|    loss                 | 1.11        |
|    n_updates            | 1630        |
|    policy_gradient_loss | -0.0066     |
|    std                  | 0.923       |
|    value_loss           | 2.31        |
-----------------------------------------
---------------------------------
| rollout/           |          |
|    ep_len_mean     | 88.2     |
|    ep_rew_mean     | 67.4     |
|    success_rate    | 0.66     |
| time/              |          |
|    fps             | 2808     |
|    iterations      | 164      |
|    time_elapsed    | 1435     |
|    total_timesteps | 4030464  |
---------------------------------
Eval num_timesteps=4038384, episode_reward=67.87 +/- 50.46
Episode length: 77.70 +/- 89.85
Success rate: 65.00%
-----------------------------------------
| eval/                   |             |
|    mean_ep_length       | 77.7        |
|    mean_reward          | 67.9        |
|    success_rate         | 0.65        |
| time/                   |             |
|    total_timesteps      | 4038384     |
| train/                  |             |
|    approx_kl            | 0.008717666 |
|    clip_fraction        | 0.0915      |
|    clip_range           | 0.2         |
|    entropy_loss         | -9.25       |
|    explained_variance   | 0.61        |
|    learning_rate        | 0.0003      |
|    loss                 | 1.16        |
|    n_updates            | 1640        |
|    policy_gradient_loss | -0.00534    |
|    std                  | 0.921       |
|    value_loss           | 2.53        |
-----------------------------------------
---------------------------------
| rollout/           |          |
|    ep_len_mean     | 91.9     |
|    ep_rew_mean     | 68.6     |
|    success_rate    | 0.66     |
| time/              |          |
|    fps             | 2811     |
|    iterations      | 165      |
|    time_elapsed    | 1442     |
|    total_timesteps | 4055040  |
---------------------------------
Eval num_timesteps=4058376, episode_reward=53.55 +/- 52.65
Episode length: 106.40 +/- 93.62
Success rate: 50.00%
-----------------------------------------
| eval/                   |             |
|    mean_ep_length       | 106         |
|    mean_reward          | 53.5        |
|    success_rate         | 0.5         |
| time/                   |             |
|    total_timesteps      | 4058376     |
| train/                  |             |
|    approx_kl            | 0.008439154 |
|    clip_fraction        | 0.0977      |
|    clip_range           | 0.2         |
|    entropy_loss         | -9.24       |
|    explained_variance   | 0.578       |
|    learning_rate        | 0.0003      |
|    loss                 | 1.23        |
|    n_updates            | 1650        |
|    policy_gradient_loss | -0.00625    |
|    std                  | 0.921       |
|    value_loss           | 2.54        |
-----------------------------------------
Eval num_timesteps=4078368, episode_reward=37.84 +/- 49.70
Episode length: 133.50 +/- 90.64
Success rate: 35.00%
---------------------------------
| eval/              |          |
|    mean_ep_length  | 134      |
|    mean_reward     | 37.8     |
|    success_rate    | 0.35     |
| time/              |          |
|    total_timesteps | 4078368  |
---------------------------------
---------------------------------
| rollout/           |          |
|    ep_len_mean     | 97.2     |
|    ep_rew_mean     | 61.6     |
|    success_rate    | 0.61     |
| time/              |          |
|    fps             | 2808     |
|    iterations      | 166      |
|    time_elapsed    | 1452     |
|    total_timesteps | 4079616  |
---------------------------------
Eval num_timesteps=4098360, episode_reward=42.69 +/- 51.29
Episode length: 124.15 +/- 92.90
Success rate: 40.00%
-----------------------------------------
| eval/                   |             |
|    mean_ep_length       | 124         |
|    mean_reward          | 42.7        |
|    success_rate         | 0.4         |
| time/                   |             |
|    total_timesteps      | 4098360     |
| train/                  |             |
|    approx_kl            | 0.009271211 |
|    clip_fraction        | 0.11        |
|    clip_range           | 0.2         |
|    entropy_loss         | -9.23       |
|    explained_variance   | 0.624       |
|    learning_rate        | 0.0003      |
|    loss                 | 1.02        |
|    n_updates            | 1660        |
|    policy_gradient_loss | -0.00679    |
|    std                  | 0.921       |
|    value_loss           | 2.25        |
-----------------------------------------
---------------------------------
| rollout/           |          |
|    ep_len_mean     | 104      |
|    ep_rew_mean     | 56.6     |
|    success_rate    | 0.56     |
| time/              |          |
|    fps             | 2809     |
|    iterations      | 167      |
|    time_elapsed    | 1460     |
|    total_timesteps | 4104192  |
---------------------------------
Eval num_timesteps=4118352, episode_reward=58.28 +/- 52.34
Episode length: 98.40 +/- 92.48
Success rate: 55.00%
----------------------------------------
| eval/                   |            |
|    mean_ep_length       | 98.4       |
|    mean_reward          | 58.3       |
|    success_rate         | 0.55       |
| time/                   |            |
|    total_timesteps      | 4118352    |
| train/                  |            |
|    approx_kl            | 0.00745566 |
|    clip_fraction        | 0.0831     |
|    clip_range           | 0.2        |
|    entropy_loss         | -9.23      |
|    explained_variance   | 0.575      |
|    learning_rate        | 0.0003     |
|    loss                 | 1.12       |
|    n_updates            | 1670       |
|    policy_gradient_loss | -0.00684   |
|    std                  | 0.921      |
|    value_loss           | 2.33       |
----------------------------------------
---------------------------------
| rollout/           |          |
|    ep_len_mean     | 85.8     |
|    ep_rew_mean     | 68.1     |
|    success_rate    | 0.66     |
| time/              |          |
|    fps             | 2811     |
|    iterations      | 168      |
|    time_elapsed    | 1468     |
|    total_timesteps | 4128768  |
---------------------------------
Eval num_timesteps=4138344, episode_reward=53.62 +/- 52.46
Episode length: 107.55 +/- 92.63
Success rate: 50.00%
-----------------------------------------
| eval/                   |             |
|    mean_ep_length       | 108         |
|    mean_reward          | 53.6        |
|    success_rate         | 0.5         |
| time/                   |             |
|    total_timesteps      | 4138344     |
| train/                  |             |
|    approx_kl            | 0.007916868 |
|    clip_fraction        | 0.0892      |
|    clip_range           | 0.2         |
|    entropy_loss         | -9.22       |
|    explained_variance   | 0.588       |
|    learning_rate        | 0.0003      |
|    loss                 | 1.17        |
|    n_updates            | 1680        |
|    policy_gradient_loss | -0.0062     |
|    std                  | 0.92        |
|    value_loss           | 2.44        |
-----------------------------------------
---------------------------------
| rollout/           |          |
|    ep_len_mean     | 73.4     |
|    ep_rew_mean     | 75.3     |
|    success_rate    | 0.73     |
| time/              |          |
|    fps             | 2811     |
|    iterations      | 169      |
|    time_elapsed    | 1477     |
|    total_timesteps | 4153344  |
---------------------------------
Eval num_timesteps=4158336, episode_reward=63.23 +/- 51.80
Episode length: 90.80 +/- 89.78
Success rate: 60.00%
-----------------------------------------
| eval/                   |             |
|    mean_ep_length       | 90.8        |
|    mean_reward          | 63.2        |
|    success_rate         | 0.6         |
| time/                   |             |
|    total_timesteps      | 4158336     |
| train/                  |             |
|    approx_kl            | 0.008116153 |
|    clip_fraction        | 0.0793      |
|    clip_range           | 0.2         |
|    entropy_loss         | -9.22       |
|    explained_variance   | 0.619       |
|    learning_rate        | 0.0003      |
|    loss                 | 1.19        |
|    n_updates            | 1690        |
|    policy_gradient_loss | -0.00559    |
|    std                  | 0.922       |
|    value_loss           | 2.62        |
-----------------------------------------
---------------------------------
| rollout/           |          |
|    ep_len_mean     | 108      |
|    ep_rew_mean     | 55.1     |
|    success_rate    | 0.54     |
| time/              |          |
|    fps             | 2813     |
|    iterations      | 170      |
|    time_elapsed    | 1484     |
|    total_timesteps | 4177920  |
---------------------------------
Eval num_timesteps=4178328, episode_reward=46.91 +/- 52.74
Episode length: 115.30 +/- 93.71
Success rate: 45.00%
-----------------------------------------
| eval/                   |             |
|    mean_ep_length       | 115         |
|    mean_reward          | 46.9        |
|    success_rate         | 0.45        |
| time/                   |             |
|    total_timesteps      | 4178328     |
| train/                  |             |
|    approx_kl            | 0.008338795 |
|    clip_fraction        | 0.0859      |
|    clip_range           | 0.2         |
|    entropy_loss         | -9.23       |
|    explained_variance   | 0.642       |
|    learning_rate        | 0.0003      |
|    loss                 | 1.12        |
|    n_updates            | 1700        |
|    policy_gradient_loss | -0.00693    |
|    std                  | 0.921       |
|    value_loss           | 2.39        |
-----------------------------------------
Eval num_timesteps=4198320, episode_reward=60.81 +/- 53.92
Episode length: 87.95 +/- 91.69
Success rate: 60.00%
---------------------------------
| eval/              |          |
|    mean_ep_length  | 88       |
|    mean_reward     | 60.8     |
|    success_rate    | 0.6      |
| time/              |          |
|    total_timesteps | 4198320  |
---------------------------------
---------------------------------
| rollout/           |          |
|    ep_len_mean     | 92       |
|    ep_rew_mean     | 65.1     |
|    success_rate    | 0.63     |
| time/              |          |
|    fps             | 2812     |
|    iterations      | 171      |
|    time_elapsed    | 1494     |
|    total_timesteps | 4202496  |
---------------------------------
Eval num_timesteps=4218312, episode_reward=63.35 +/- 50.42
Episode length: 84.90 +/- 94.03
Success rate: 60.00%
------------------------------------------
| eval/                   |              |
|    mean_ep_length       | 84.9         |
|    mean_reward          | 63.4         |
|    success_rate         | 0.6          |
| time/                   |              |
|    total_timesteps      | 4218312      |
| train/                  |              |
|    approx_kl            | 0.0072741196 |
|    clip_fraction        | 0.0901       |
|    clip_range           | 0.2          |
|    entropy_loss         | -9.2         |
|    explained_variance   | 0.639        |
|    learning_rate        | 0.0003       |
|    loss                 | 1.24         |
|    n_updates            | 1710         |
|    policy_gradient_loss | -0.00632     |
|    std                  | 0.916        |
|    value_loss           | 2.59         |
------------------------------------------
---------------------------------
| rollout/           |          |
|    ep_len_mean     | 104      |
|    ep_rew_mean     | 57.3     |
|    success_rate    | 0.55     |
| time/              |          |
|    fps             | 2813     |
|    iterations      | 172      |
|    time_elapsed    | 1502     |
|    total_timesteps | 4227072  |
---------------------------------
Eval num_timesteps=4238304, episode_reward=62.54 +/- 51.89
Episode length: 87.60 +/- 91.98
Success rate: 60.00%
-----------------------------------------
| eval/                   |             |
|    mean_ep_length       | 87.6        |
|    mean_reward          | 62.5        |
|    success_rate         | 0.6         |
| time/                   |             |
|    total_timesteps      | 4238304     |
| train/                  |             |
|    approx_kl            | 0.008557998 |
|    clip_fraction        | 0.0901      |
|    clip_range           | 0.2         |
|    entropy_loss         | -9.18       |
|    explained_variance   | 0.629       |
|    learning_rate        | 0.0003      |
|    loss                 | 0.948       |
|    n_updates            | 1720        |
|    policy_gradient_loss | -0.00659    |
|    std                  | 0.916       |
|    value_loss           | 2.03        |
-----------------------------------------
---------------------------------
| rollout/           |          |
|    ep_len_mean     | 87.3     |
|    ep_rew_mean     | 68       |
|    success_rate    | 0.66     |
| time/              |          |
|    fps             | 2814     |
|    iterations      | 173      |
|    time_elapsed    | 1510     |
|    total_timesteps | 4251648  |
---------------------------------
Eval num_timesteps=4258296, episode_reward=55.78 +/- 54.31
Episode length: 96.10 +/- 94.10
Success rate: 55.00%
------------------------------------------
| eval/                   |              |
|    mean_ep_length       | 96.1         |
|    mean_reward          | 55.8         |
|    success_rate         | 0.55         |
| time/                   |              |
|    total_timesteps      | 4258296      |
| train/                  |              |
|    approx_kl            | 0.0077739083 |
|    clip_fraction        | 0.0839       |
|    clip_range           | 0.2          |
|    entropy_loss         | -9.18        |
|    explained_variance   | 0.589        |
|    learning_rate        | 0.0003       |
|    loss                 | 1.25         |
|    n_updates            | 1730         |
|    policy_gradient_loss | -0.00676     |
|    std                  | 0.915        |
|    value_loss           | 2.84         |
------------------------------------------
---------------------------------
| rollout/           |          |
|    ep_len_mean     | 92.1     |
|    ep_rew_mean     | 65.7     |
|    success_rate    | 0.64     |
| time/              |          |
|    fps             | 2816     |
|    iterations      | 174      |
|    time_elapsed    | 1518     |
|    total_timesteps | 4276224  |
---------------------------------
Eval num_timesteps=4278288, episode_reward=72.68 +/- 48.62
Episode length: 68.90 +/- 86.32
Success rate: 70.00%
----------------------------------------
| eval/                   |            |
|    mean_ep_length       | 68.9       |
|    mean_reward          | 72.7       |
|    success_rate         | 0.7        |
| time/                   |            |
|    total_timesteps      | 4278288    |
| train/                  |            |
|    approx_kl            | 0.00885861 |
|    clip_fraction        | 0.104      |
|    clip_range           | 0.2        |
|    entropy_loss         | -9.17      |
|    explained_variance   | 0.608      |
|    learning_rate        | 0.0003     |
|    loss                 | 1.03       |
|    n_updates            | 1740       |
|    policy_gradient_loss | -0.00674   |
|    std                  | 0.914      |
|    value_loss           | 2.36       |
----------------------------------------
Eval num_timesteps=4298280, episode_reward=77.19 +/- 46.53
Episode length: 56.45 +/- 83.04
Success rate: 75.00%
---------------------------------
| eval/              |          |
|    mean_ep_length  | 56.5     |
|    mean_reward     | 77.2     |
|    success_rate    | 0.75     |
| time/              |          |
|    total_timesteps | 4298280  |
---------------------------------
New best mean reward!
---------------------------------
| rollout/           |          |
|    ep_len_mean     | 100      |
|    ep_rew_mean     | 61.2     |
|    success_rate    | 0.6      |
| time/              |          |
|    fps             | 2816     |
|    iterations      | 175      |
|    time_elapsed    | 1527     |
|    total_timesteps | 4300800  |
---------------------------------
Eval num_timesteps=4318272, episode_reward=72.89 +/- 49.64
Episode length: 71.10 +/- 85.01
Success rate: 70.00%
-----------------------------------------
| eval/                   |             |
|    mean_ep_length       | 71.1        |
|    mean_reward          | 72.9        |
|    success_rate         | 0.7         |
| time/                   |             |
|    total_timesteps      | 4318272     |
| train/                  |             |
|    approx_kl            | 0.010153682 |
|    clip_fraction        | 0.124       |
|    clip_range           | 0.2         |
|    entropy_loss         | -9.15       |
|    explained_variance   | 0.61        |
|    learning_rate        | 0.0003      |
|    loss                 | 1.08        |
|    n_updates            | 1750        |
|    policy_gradient_loss | -0.00721    |
|    std                  | 0.913       |
|    value_loss           | 2.38        |
-----------------------------------------
---------------------------------
| rollout/           |          |
|    ep_len_mean     | 97.8     |
|    ep_rew_mean     | 59.1     |
|    success_rate    | 0.59     |
| time/              |          |
|    fps             | 2817     |
|    iterations      | 176      |
|    time_elapsed    | 1535     |
|    total_timesteps | 4325376  |
---------------------------------
Eval num_timesteps=4338264, episode_reward=73.81 +/- 46.84
Episode length: 68.70 +/- 86.17
Success rate: 70.00%
-----------------------------------------
| eval/                   |             |
|    mean_ep_length       | 68.7        |
|    mean_reward          | 73.8        |
|    success_rate         | 0.7         |
| time/                   |             |
|    total_timesteps      | 4338264     |
| train/                  |             |
|    approx_kl            | 0.008717905 |
|    clip_fraction        | 0.103       |
|    clip_range           | 0.2         |
|    entropy_loss         | -9.15       |
|    explained_variance   | 0.631       |
|    learning_rate        | 0.0003      |
|    loss                 | 1.14        |
|    n_updates            | 1760        |
|    policy_gradient_loss | -0.00651    |
|    std                  | 0.912       |
|    value_loss           | 2.36        |
-----------------------------------------
---------------------------------
| rollout/           |          |
|    ep_len_mean     | 101      |
|    ep_rew_mean     | 60.7     |
|    success_rate    | 0.59     |
| time/              |          |
|    fps             | 2819     |
|    iterations      | 177      |
|    time_elapsed    | 1542     |
|    total_timesteps | 4349952  |
---------------------------------
Eval num_timesteps=4358256, episode_reward=72.27 +/- 48.61
Episode length: 65.75 +/- 87.94
Success rate: 70.00%
-----------------------------------------
| eval/                   |             |
|    mean_ep_length       | 65.8        |
|    mean_reward          | 72.3        |
|    success_rate         | 0.7         |
| time/                   |             |
|    total_timesteps      | 4358256     |
| train/                  |             |
|    approx_kl            | 0.008799457 |
|    clip_fraction        | 0.0987      |
|    clip_range           | 0.2         |
|    entropy_loss         | -9.14       |
|    explained_variance   | 0.631       |
|    learning_rate        | 0.0003      |
|    loss                 | 1.03        |
|    n_updates            | 1770        |
|    policy_gradient_loss | -0.00703    |
|    std                  | 0.91        |
|    value_loss           | 2.33        |
-----------------------------------------
---------------------------------
| rollout/           |          |
|    ep_len_mean     | 108      |
|    ep_rew_mean     | 55.8     |
|    success_rate    | 0.55     |
| time/              |          |
|    fps             | 2821     |
|    iterations      | 178      |
|    time_elapsed    | 1550     |
|    total_timesteps | 4374528  |
---------------------------------
Eval num_timesteps=4378248, episode_reward=74.33 +/- 47.83
Episode length: 71.40 +/- 85.02
Success rate: 70.00%
-----------------------------------------
| eval/                   |             |
|    mean_ep_length       | 71.4        |
|    mean_reward          | 74.3        |
|    success_rate         | 0.7         |
| time/                   |             |
|    total_timesteps      | 4378248     |
| train/                  |             |
|    approx_kl            | 0.009197755 |
|    clip_fraction        | 0.0973      |
|    clip_range           | 0.2         |
|    entropy_loss         | -9.12       |
|    explained_variance   | 0.638       |
|    learning_rate        | 0.0003      |
|    loss                 | 1.05        |
|    n_updates            | 1780        |
|    policy_gradient_loss | -0.00737    |
|    std                  | 0.908       |
|    value_loss           | 2.25        |
-----------------------------------------
Eval num_timesteps=4398240, episode_reward=73.45 +/- 48.05
Episode length: 68.15 +/- 86.47
Success rate: 70.00%
---------------------------------
| eval/              |          |
|    mean_ep_length  | 68.2     |
|    mean_reward     | 73.5     |
|    success_rate    | 0.7      |
| time/              |          |
|    total_timesteps | 4398240  |
---------------------------------
---------------------------------
| rollout/           |          |
|    ep_len_mean     | 103      |
|    ep_rew_mean     | 59       |
|    success_rate    | 0.57     |
| time/              |          |
|    fps             | 2820     |
|    iterations      | 179      |
|    time_elapsed    | 1559     |
|    total_timesteps | 4399104  |
---------------------------------
Eval num_timesteps=4418232, episode_reward=88.18 +/- 38.23
Episode length: 37.65 +/- 68.35
Success rate: 85.00%
----------------------------------------
| eval/                   |            |
|    mean_ep_length       | 37.6       |
|    mean_reward          | 88.2       |
|    success_rate         | 0.85       |
| time/                   |            |
|    total_timesteps      | 4418232    |
| train/                  |            |
|    approx_kl            | 0.00816435 |
|    clip_fraction        | 0.0862     |
|    clip_range           | 0.2        |
|    entropy_loss         | -9.12      |
|    explained_variance   | 0.61       |
|    learning_rate        | 0.0003     |
|    loss                 | 0.986      |
|    n_updates            | 1790       |
|    policy_gradient_loss | -0.00693   |
|    std                  | 0.909      |
|    value_loss           | 2.09       |
----------------------------------------
New best mean reward!
---------------------------------
| rollout/           |          |
|    ep_len_mean     | 98       |
|    ep_rew_mean     | 58.9     |
|    success_rate    | 0.58     |
| time/              |          |
|    fps             | 2823     |
|    iterations      | 180      |
|    time_elapsed    | 1566     |
|    total_timesteps | 4423680  |
---------------------------------
Eval num_timesteps=4438224, episode_reward=72.76 +/- 47.80
Episode length: 65.25 +/- 88.25
Success rate: 70.00%
-----------------------------------------
| eval/                   |             |
|    mean_ep_length       | 65.2        |
|    mean_reward          | 72.8        |
|    success_rate         | 0.7         |
| time/                   |             |
|    total_timesteps      | 4438224     |
| train/                  |             |
|    approx_kl            | 0.008964323 |
|    clip_fraction        | 0.102       |
|    clip_range           | 0.2         |
|    entropy_loss         | -9.13       |
|    explained_variance   | 0.604       |
|    learning_rate        | 0.0003      |
|    loss                 | 1.13        |
|    n_updates            | 1800        |
|    policy_gradient_loss | -0.00686    |
|    std                  | 0.91        |
|    value_loss           | 2.51        |
-----------------------------------------
---------------------------------
| rollout/           |          |
|    ep_len_mean     | 95.5     |
|    ep_rew_mean     | 61.1     |
|    success_rate    | 0.6      |
| time/              |          |
|    fps             | 2825     |
|    iterations      | 181      |
|    time_elapsed    | 1574     |
|    total_timesteps | 4448256  |
---------------------------------
Eval num_timesteps=4458216, episode_reward=84.39 +/- 41.44
Episode length: 50.40 +/- 75.14
Success rate: 80.00%
-----------------------------------------
| eval/                   |             |
|    mean_ep_length       | 50.4        |
|    mean_reward          | 84.4        |
|    success_rate         | 0.8         |
| time/                   |             |
|    total_timesteps      | 4458216     |
| train/                  |             |
|    approx_kl            | 0.008582818 |
|    clip_fraction        | 0.101       |
|    clip_range           | 0.2         |
|    entropy_loss         | -9.13       |
|    explained_variance   | 0.609       |
|    learning_rate        | 0.0003      |
|    loss                 | 1.02        |
|    n_updates            | 1810        |
|    policy_gradient_loss | -0.00657    |
|    std                  | 0.91        |
|    value_loss           | 2.2         |
-----------------------------------------
---------------------------------
| rollout/           |          |
|    ep_len_mean     | 93.3     |
|    ep_rew_mean     | 64.5     |
|    success_rate    | 0.63     |
| time/              |          |
|    fps             | 2829     |
|    iterations      | 182      |
|    time_elapsed    | 1581     |
|    total_timesteps | 4472832  |
---------------------------------
Eval num_timesteps=4478208, episode_reward=76.08 +/- 48.84
Episode length: 58.05 +/- 82.50
Success rate: 75.00%
----------------------------------------
| eval/                   |            |
|    mean_ep_length       | 58         |
|    mean_reward          | 76.1       |
|    success_rate         | 0.75       |
| time/                   |            |
|    total_timesteps      | 4478208    |
| train/                  |            |
|    approx_kl            | 0.00918861 |
|    clip_fraction        | 0.105      |
|    clip_range           | 0.2        |
|    entropy_loss         | -9.13      |
|    explained_variance   | 0.567      |
|    learning_rate        | 0.0003     |
|    loss                 | 1.15       |
|    n_updates            | 1820       |
|    policy_gradient_loss | -0.00756   |
|    std                  | 0.912      |
|    value_loss           | 2.49       |
----------------------------------------
---------------------------------
| rollout/           |          |
|    ep_len_mean     | 75.1     |
|    ep_rew_mean     | 73.1     |
|    success_rate    | 0.71     |
| time/              |          |
|    fps             | 2830     |
|    iterations      | 183      |
|    time_elapsed    | 1588     |
|    total_timesteps | 4497408  |
---------------------------------
Eval num_timesteps=4498200, episode_reward=55.06 +/- 54.95
Episode length: 95.70 +/- 94.40
Success rate: 55.00%
-----------------------------------------
| eval/                   |             |
|    mean_ep_length       | 95.7        |
|    mean_reward          | 55.1        |
|    success_rate         | 0.55        |
| time/                   |             |
|    total_timesteps      | 4498200     |
| train/                  |             |
|    approx_kl            | 0.009105005 |
|    clip_fraction        | 0.107       |
|    clip_range           | 0.2         |
|    entropy_loss         | -9.14       |
|    explained_variance   | 0.607       |
|    learning_rate        | 0.0003      |
|    loss                 | 1.13        |
|    n_updates            | 1830        |
|    policy_gradient_loss | -0.0063     |
|    std                  | 0.911       |
|    value_loss           | 2.47        |
-----------------------------------------
Eval num_timesteps=4518192, episode_reward=76.65 +/- 48.03
Episode length: 59.95 +/- 81.33
Success rate: 75.00%
---------------------------------
| eval/              |          |
|    mean_ep_length  | 60       |
|    mean_reward     | 76.6     |
|    success_rate    | 0.75     |
| time/              |          |
|    total_timesteps | 4518192  |
---------------------------------
---------------------------------
| rollout/           |          |
|    ep_len_mean     | 92.7     |
|    ep_rew_mean     | 63.7     |
|    success_rate    | 0.62     |
| time/              |          |
|    fps             | 2831     |
|    iterations      | 184      |
|    time_elapsed    | 1596     |
|    total_timesteps | 4521984  |
---------------------------------
Eval num_timesteps=4538184, episode_reward=75.11 +/- 46.46
Episode length: 70.80 +/- 85.35
Success rate: 70.00%
-----------------------------------------
| eval/                   |             |
|    mean_ep_length       | 70.8        |
|    mean_reward          | 75.1        |
|    success_rate         | 0.7         |
| time/                   |             |
|    total_timesteps      | 4538184     |
| train/                  |             |
|    approx_kl            | 0.008383249 |
|    clip_fraction        | 0.0987      |
|    clip_range           | 0.2         |
|    entropy_loss         | -9.11       |
|    explained_variance   | 0.583       |
|    learning_rate        | 0.0003      |
|    loss                 | 1.28        |
|    n_updates            | 1840        |
|    policy_gradient_loss | -0.00731    |
|    std                  | 0.907       |
|    value_loss           | 2.4         |
-----------------------------------------
---------------------------------
| rollout/           |          |
|    ep_len_mean     | 90.1     |
|    ep_rew_mean     | 65.5     |
|    success_rate    | 0.64     |
| time/              |          |
|    fps             | 2835     |
|    iterations      | 185      |
|    time_elapsed    | 1603     |
|    total_timesteps | 4546560  |
---------------------------------
Eval num_timesteps=4558176, episode_reward=89.81 +/- 36.05
Episode length: 41.25 +/- 67.68
Success rate: 85.00%
-----------------------------------------
| eval/                   |             |
|    mean_ep_length       | 41.2        |
|    mean_reward          | 89.8        |
|    success_rate         | 0.85        |
| time/                   |             |
|    total_timesteps      | 4558176     |
| train/                  |             |
|    approx_kl            | 0.009447983 |
|    clip_fraction        | 0.0985      |
|    clip_range           | 0.2         |
|    entropy_loss         | -9.08       |
|    explained_variance   | 0.597       |
|    learning_rate        | 0.0003      |
|    loss                 | 1.13        |
|    n_updates            | 1850        |
|    policy_gradient_loss | -0.00687    |
|    std                  | 0.901       |
|    value_loss           | 2.39        |
-----------------------------------------
New best mean reward!
---------------------------------
| rollout/           |          |
|    ep_len_mean     | 88.1     |
|    ep_rew_mean     | 66.1     |
|    success_rate    | 0.64     |
| time/              |          |
|    fps             | 2840     |
|    iterations      | 186      |
|    time_elapsed    | 1609     |
|    total_timesteps | 4571136  |
---------------------------------
Eval num_timesteps=4578168, episode_reward=71.79 +/- 50.58
Episode length: 67.70 +/- 86.79
Success rate: 70.00%
-----------------------------------------
| eval/                   |             |
|    mean_ep_length       | 67.7        |
|    mean_reward          | 71.8        |
|    success_rate         | 0.7         |
| time/                   |             |
|    total_timesteps      | 4578168     |
| train/                  |             |
|    approx_kl            | 0.009407829 |
|    clip_fraction        | 0.107       |
|    clip_range           | 0.2         |
|    entropy_loss         | -9.05       |
|    explained_variance   | 0.615       |
|    learning_rate        | 0.0003      |
|    loss                 | 1.2         |
|    n_updates            | 1860        |
|    policy_gradient_loss | -0.00773    |
|    std                  | 0.901       |
|    value_loss           | 2.5         |
-----------------------------------------
---------------------------------
| rollout/           |          |
|    ep_len_mean     | 104      |
|    ep_rew_mean     | 60.8     |
|    success_rate    | 0.59     |
| time/              |          |
|    fps             | 2845     |
|    iterations      | 187      |
|    time_elapsed    | 1615     |
|    total_timesteps | 4595712  |
---------------------------------
Eval num_timesteps=4598160, episode_reward=94.79 +/- 30.43
Episode length: 32.60 +/- 57.21
Success rate: 90.00%
-----------------------------------------
| eval/                   |             |
|    mean_ep_length       | 32.6        |
|    mean_reward          | 94.8        |
|    success_rate         | 0.9         |
| time/                   |             |
|    total_timesteps      | 4598160     |
| train/                  |             |
|    approx_kl            | 0.009951009 |
|    clip_fraction        | 0.107       |
|    clip_range           | 0.2         |
|    entropy_loss         | -9.05       |
|    explained_variance   | 0.612       |
|    learning_rate        | 0.0003      |
|    loss                 | 1.02        |
|    n_updates            | 1870        |
|    policy_gradient_loss | -0.00731    |
|    std                  | 0.901       |
|    value_loss           | 2.34        |
-----------------------------------------
New best mean reward!
Eval num_timesteps=4618152, episode_reward=86.89 +/- 43.02
Episode length: 40.50 +/- 67.46
Success rate: 85.00%
---------------------------------
| eval/              |          |
|    mean_ep_length  | 40.5     |
|    mean_reward     | 86.9     |
|    success_rate    | 0.85     |
| time/              |          |
|    total_timesteps | 4618152  |
---------------------------------
---------------------------------
| rollout/           |          |
|    ep_len_mean     | 90.8     |
|    ep_rew_mean     | 64       |
|    success_rate    | 0.63     |
| time/              |          |
|    fps             | 2847     |
|    iterations      | 188      |
|    time_elapsed    | 1622     |
|    total_timesteps | 4620288  |
---------------------------------
Eval num_timesteps=4638144, episode_reward=62.71 +/- 51.53
Episode length: 86.65 +/- 92.74
Success rate: 60.00%
-----------------------------------------
| eval/                   |             |
|    mean_ep_length       | 86.7        |
|    mean_reward          | 62.7        |
|    success_rate         | 0.6         |
| time/                   |             |
|    total_timesteps      | 4638144     |
| train/                  |             |
|    approx_kl            | 0.008925878 |
|    clip_fraction        | 0.108       |
|    clip_range           | 0.2         |
|    entropy_loss         | -9.05       |
|    explained_variance   | 0.616       |
|    learning_rate        | 0.0003      |
|    loss                 | 1.21        |
|    n_updates            | 1880        |
|    policy_gradient_loss | -0.00682    |
|    std                  | 0.901       |
|    value_loss           | 2.59        |
-----------------------------------------
---------------------------------
| rollout/           |          |
|    ep_len_mean     | 104      |
|    ep_rew_mean     | 54.3     |
|    success_rate    | 0.54     |
| time/              |          |
|    fps             | 2849     |
|    iterations      | 189      |
|    time_elapsed    | 1630     |
|    total_timesteps | 4644864  |
---------------------------------
Eval num_timesteps=4658136, episode_reward=73.16 +/- 46.99
Episode length: 66.05 +/- 87.78
Success rate: 70.00%
------------------------------------------
| eval/                   |              |
|    mean_ep_length       | 66           |
|    mean_reward          | 73.2         |
|    success_rate         | 0.7          |
| time/                   |              |
|    total_timesteps      | 4658136      |
| train/                  |              |
|    approx_kl            | 0.0086992625 |
|    clip_fraction        | 0.0978       |
|    clip_range           | 0.2          |
|    entropy_loss         | -9.04        |
|    explained_variance   | 0.62         |
|    learning_rate        | 0.0003       |
|    loss                 | 1.18         |
|    n_updates            | 1890         |
|    policy_gradient_loss | -0.0075      |
|    std                  | 0.899        |
|    value_loss           | 2.34         |
------------------------------------------
---------------------------------
| rollout/           |          |
|    ep_len_mean     | 110      |
|    ep_rew_mean     | 56.4     |
|    success_rate    | 0.55     |
| time/              |          |
|    fps             | 2852     |
|    iterations      | 190      |
|    time_elapsed    | 1636     |
|    total_timesteps | 4669440  |
---------------------------------
Eval num_timesteps=4678128, episode_reward=61.69 +/- 52.84
Episode length: 86.30 +/- 92.92
Success rate: 60.00%
-----------------------------------------
| eval/                   |             |
|    mean_ep_length       | 86.3        |
|    mean_reward          | 61.7        |
|    success_rate         | 0.6         |
| time/                   |             |
|    total_timesteps      | 4678128     |
| train/                  |             |
|    approx_kl            | 0.010267374 |
|    clip_fraction        | 0.106       |
|    clip_range           | 0.2         |
|    entropy_loss         | -9.03       |
|    explained_variance   | 0.582       |
|    learning_rate        | 0.0003      |
|    loss                 | 1.19        |
|    n_updates            | 1900        |
|    policy_gradient_loss | -0.00743    |
|    std                  | 0.898       |
|    value_loss           | 2.51        |
-----------------------------------------
---------------------------------
| rollout/           |          |
|    ep_len_mean     | 79       |
|    ep_rew_mean     | 72.1     |
|    success_rate    | 0.7      |
| time/              |          |
|    fps             | 2856     |
|    iterations      | 191      |
|    time_elapsed    | 1643     |
|    total_timesteps | 4694016  |
---------------------------------
Eval num_timesteps=4698120, episode_reward=88.61 +/- 37.47
Episode length: 39.50 +/- 68.34
Success rate: 85.00%
-----------------------------------------
| eval/                   |             |
|    mean_ep_length       | 39.5        |
|    mean_reward          | 88.6        |
|    success_rate         | 0.85        |
| time/                   |             |
|    total_timesteps      | 4698120     |
| train/                  |             |
|    approx_kl            | 0.008778051 |
|    clip_fraction        | 0.0881      |
|    clip_range           | 0.2         |
|    entropy_loss         | -9.03       |
|    explained_variance   | 0.617       |
|    learning_rate        | 0.0003      |
|    loss                 | 1.31        |
|    n_updates            | 1910        |
|    policy_gradient_loss | -0.0068     |
|    std                  | 0.9         |
|    value_loss           | 2.6         |
-----------------------------------------
Eval num_timesteps=4718112, episode_reward=77.48 +/- 45.78
Episode length: 56.00 +/- 83.22
Success rate: 75.00%
---------------------------------
| eval/              |          |
|    mean_ep_length  | 56       |
|    mean_reward     | 77.5     |
|    success_rate    | 0.75     |
| time/              |          |
|    total_timesteps | 4718112  |
---------------------------------
---------------------------------
| rollout/           |          |
|    ep_len_mean     | 94.7     |
|    ep_rew_mean     | 59.9     |
|    success_rate    | 0.59     |
| time/              |          |
|    fps             | 2857     |
|    iterations      | 192      |
|    time_elapsed    | 1651     |
|    total_timesteps | 4718592  |
---------------------------------
Eval num_timesteps=4738104, episode_reward=73.44 +/- 46.21
Episode length: 64.40 +/- 88.81
Success rate: 70.00%
-----------------------------------------
| eval/                   |             |
|    mean_ep_length       | 64.4        |
|    mean_reward          | 73.4        |
|    success_rate         | 0.7         |
| time/                   |             |
|    total_timesteps      | 4738104     |
| train/                  |             |
|    approx_kl            | 0.008705999 |
|    clip_fraction        | 0.0985      |
|    clip_range           | 0.2         |
|    entropy_loss         | -9.04       |
|    explained_variance   | 0.631       |
|    learning_rate        | 0.0003      |
|    loss                 | 1.05        |
|    n_updates            | 1920        |
|    policy_gradient_loss | -0.008      |
|    std                  | 0.901       |
|    value_loss           | 2.31        |
-----------------------------------------
---------------------------------
| rollout/           |          |
|    ep_len_mean     | 74.8     |
|    ep_rew_mean     | 70.1     |
|    success_rate    | 0.69     |
| time/              |          |
|    fps             | 2860     |
|    iterations      | 193      |
|    time_elapsed    | 1657     |
|    total_timesteps | 4743168  |
---------------------------------
Eval num_timesteps=4758096, episode_reward=77.18 +/- 46.99
Episode length: 55.50 +/- 83.47
Success rate: 75.00%
------------------------------------------
| eval/                   |              |
|    mean_ep_length       | 55.5         |
|    mean_reward          | 77.2         |
|    success_rate         | 0.75         |
| time/                   |              |
|    total_timesteps      | 4758096      |
| train/                  |              |
|    approx_kl            | 0.0096531855 |
|    clip_fraction        | 0.0987       |
|    clip_range           | 0.2          |
|    entropy_loss         | -9.05        |
|    explained_variance   | 0.622        |
|    learning_rate        | 0.0003       |
|    loss                 | 1.34         |
|    n_updates            | 1930         |
|    policy_gradient_loss | -0.00647     |
|    std                  | 0.902        |
|    value_loss           | 2.81         |
------------------------------------------
---------------------------------
| rollout/           |          |
|    ep_len_mean     | 88.4     |
|    ep_rew_mean     | 68.8     |
|    success_rate    | 0.66     |
| time/              |          |
|    fps             | 2865     |
|    iterations      | 194      |
|    time_elapsed    | 1664     |
|    total_timesteps | 4767744  |
---------------------------------
Eval num_timesteps=4778088, episode_reward=88.07 +/- 37.87
Episode length: 36.00 +/- 68.97
Success rate: 85.00%
----------------------------------------
| eval/                   |            |
|    mean_ep_length       | 36         |
|    mean_reward          | 88.1       |
|    success_rate         | 0.85       |
| time/                   |            |
|    total_timesteps      | 4778088    |
| train/                  |            |
|    approx_kl            | 0.00891515 |
|    clip_fraction        | 0.108      |
|    clip_range           | 0.2        |
|    entropy_loss         | -9.05      |
|    explained_variance   | 0.647      |
|    learning_rate        | 0.0003     |
|    loss                 | 1.1        |
|    n_updates            | 1940       |
|    policy_gradient_loss | -0.00804   |
|    std                  | 0.903      |
|    value_loss           | 2.35       |
----------------------------------------
---------------------------------
| rollout/           |          |
|    ep_len_mean     | 87.2     |
|    ep_rew_mean     | 64.1     |
|    success_rate    | 0.63     |
| time/              |          |
|    fps             | 2868     |
|    iterations      | 195      |
|    time_elapsed    | 1670     |
|    total_timesteps | 4792320  |
---------------------------------
Eval num_timesteps=4798080, episode_reward=93.66 +/- 33.42
Episode length: 29.30 +/- 58.23
Success rate: 90.00%
-----------------------------------------
| eval/                   |             |
|    mean_ep_length       | 29.3        |
|    mean_reward          | 93.7        |
|    success_rate         | 0.9         |
| time/                   |             |
|    total_timesteps      | 4798080     |
| train/                  |             |
|    approx_kl            | 0.009246485 |
|    clip_fraction        | 0.0904      |
|    clip_range           | 0.2         |
|    entropy_loss         | -9.06       |
|    explained_variance   | 0.622       |
|    learning_rate        | 0.0003      |
|    loss                 | 1.14        |
|    n_updates            | 1950        |
|    policy_gradient_loss | -0.00693    |
|    std                  | 0.904       |
|    value_loss           | 2.4         |
-----------------------------------------
---------------------------------
| rollout/           |          |
|    ep_len_mean     | 86.4     |
|    ep_rew_mean     | 65.4     |
|    success_rate    | 0.64     |
| time/              |          |
|    fps             | 2872     |
|    iterations      | 196      |
|    time_elapsed    | 1676     |
|    total_timesteps | 4816896  |
---------------------------------
Eval num_timesteps=4818072, episode_reward=55.42 +/- 54.75
Episode length: 94.95 +/- 95.12
Success rate: 55.00%
-----------------------------------------
| eval/                   |             |
|    mean_ep_length       | 95          |
|    mean_reward          | 55.4        |
|    success_rate         | 0.55        |
| time/                   |             |
|    total_timesteps      | 4818072     |
| train/                  |             |
|    approx_kl            | 0.008861629 |
|    clip_fraction        | 0.0962      |
|    clip_range           | 0.2         |
|    entropy_loss         | -9.07       |
|    explained_variance   | 0.647       |
|    learning_rate        | 0.0003      |
|    loss                 | 1.17        |
|    n_updates            | 1960        |
|    policy_gradient_loss | -0.00675    |
|    std                  | 0.906       |
|    value_loss           | 2.43        |
-----------------------------------------
Eval num_timesteps=4838064, episode_reward=72.99 +/- 48.46
Episode length: 67.00 +/- 87.21
Success rate: 70.00%
---------------------------------
| eval/              |          |
|    mean_ep_length  | 67       |
|    mean_reward     | 73       |
|    success_rate    | 0.7      |
| time/              |          |
|    total_timesteps | 4838064  |
---------------------------------
---------------------------------
| rollout/           |          |
|    ep_len_mean     | 82.2     |
|    ep_rew_mean     | 66.9     |
|    success_rate    | 0.65     |
| time/              |          |
|    fps             | 2872     |
|    iterations      | 197      |
|    time_elapsed    | 1685     |
|    total_timesteps | 4841472  |
---------------------------------
Eval num_timesteps=4858056, episode_reward=78.48 +/- 43.97
Episode length: 54.20 +/- 84.25
Success rate: 75.00%
-----------------------------------------
| eval/                   |             |
|    mean_ep_length       | 54.2        |
|    mean_reward          | 78.5        |
|    success_rate         | 0.75        |
| time/                   |             |
|    total_timesteps      | 4858056     |
| train/                  |             |
|    approx_kl            | 0.008888971 |
|    clip_fraction        | 0.0964      |
|    clip_range           | 0.2         |
|    entropy_loss         | -9.07       |
|    explained_variance   | 0.661       |
|    learning_rate        | 0.0003      |
|    loss                 | 1.14        |
|    n_updates            | 1970        |
|    policy_gradient_loss | -0.0074     |
|    std                  | 0.904       |
|    value_loss           | 2.48        |
-----------------------------------------
---------------------------------
| rollout/           |          |
|    ep_len_mean     | 89.6     |
|    ep_rew_mean     | 64.9     |
|    success_rate    | 0.63     |
| time/              |          |
|    fps             | 2875     |
|    iterations      | 198      |
|    time_elapsed    | 1692     |
|    total_timesteps | 4866048  |
---------------------------------
Eval num_timesteps=4878048, episode_reward=49.71 +/- 54.08
Episode length: 104.30 +/- 95.77
Success rate: 50.00%
-----------------------------------------
| eval/                   |             |
|    mean_ep_length       | 104         |
|    mean_reward          | 49.7        |
|    success_rate         | 0.5         |
| time/                   |             |
|    total_timesteps      | 4878048     |
| train/                  |             |
|    approx_kl            | 0.008219301 |
|    clip_fraction        | 0.0938      |
|    clip_range           | 0.2         |
|    entropy_loss         | -9.06       |
|    explained_variance   | 0.644       |
|    learning_rate        | 0.0003      |
|    loss                 | 1.24        |
|    n_updates            | 1980        |
|    policy_gradient_loss | -0.00699    |
|    std                  | 0.902       |
|    value_loss           | 2.5         |
-----------------------------------------
---------------------------------
| rollout/           |          |
|    ep_len_mean     | 76.7     |
|    ep_rew_mean     | 71.8     |
|    success_rate    | 0.7      |
| time/              |          |
|    fps             | 2879     |
|    iterations      | 199      |
|    time_elapsed    | 1698     |
|    total_timesteps | 4890624  |
---------------------------------
Eval num_timesteps=4898040, episode_reward=83.13 +/- 42.70
Episode length: 46.95 +/- 76.71
Success rate: 80.00%
-----------------------------------------
| eval/                   |             |
|    mean_ep_length       | 47          |
|    mean_reward          | 83.1        |
|    success_rate         | 0.8         |
| time/                   |             |
|    total_timesteps      | 4898040     |
| train/                  |             |
|    approx_kl            | 0.008299259 |
|    clip_fraction        | 0.0914      |
|    clip_range           | 0.2         |
|    entropy_loss         | -9.04       |
|    explained_variance   | 0.622       |
|    learning_rate        | 0.0003      |
|    loss                 | 1.2         |
|    n_updates            | 1990        |
|    policy_gradient_loss | -0.00758    |
|    std                  | 0.901       |
|    value_loss           | 2.6         |
-----------------------------------------
---------------------------------
| rollout/           |          |
|    ep_len_mean     | 88.5     |
|    ep_rew_mean     | 63.9     |
|    success_rate    | 0.63     |
| time/              |          |
|    fps             | 2883     |
|    iterations      | 200      |
|    time_elapsed    | 1704     |
|    total_timesteps | 4915200  |
---------------------------------
Eval num_timesteps=4918032, episode_reward=52.99 +/- 57.91
Episode length: 97.90 +/- 93.73
Success rate: 55.00%
-----------------------------------------
| eval/                   |             |
|    mean_ep_length       | 97.9        |
|    mean_reward          | 53          |
|    success_rate         | 0.55        |
| time/                   |             |
|    total_timesteps      | 4918032     |
| train/                  |             |
|    approx_kl            | 0.009161702 |
|    clip_fraction        | 0.11        |
|    clip_range           | 0.2         |
|    entropy_loss         | -9.04       |
|    explained_variance   | 0.625       |
|    learning_rate        | 0.0003      |
|    loss                 | 1.11        |
|    n_updates            | 2000        |
|    policy_gradient_loss | -0.00652    |
|    std                  | 0.9         |
|    value_loss           | 2.44        |
-----------------------------------------
Eval num_timesteps=4938024, episode_reward=78.39 +/- 46.53
Episode length: 58.45 +/- 82.26
Success rate: 75.00%
---------------------------------
| eval/              |          |
|    mean_ep_length  | 58.5     |
|    mean_reward     | 78.4     |
|    success_rate    | 0.75     |
| time/              |          |
|    total_timesteps | 4938024  |
---------------------------------
---------------------------------
| rollout/           |          |
|    ep_len_mean     | 73.5     |
|    ep_rew_mean     | 75.5     |
|    success_rate    | 0.72     |
| time/              |          |
|    fps             | 2882     |
|    iterations      | 201      |
|    time_elapsed    | 1713     |
|    total_timesteps | 4939776  |
---------------------------------
Eval num_timesteps=4958016, episode_reward=76.85 +/- 48.91
Episode length: 57.75 +/- 82.37
Success rate: 75.00%
-----------------------------------------
| eval/                   |             |
|    mean_ep_length       | 57.8        |
|    mean_reward          | 76.8        |
|    success_rate         | 0.75        |
| time/                   |             |
|    total_timesteps      | 4958016     |
| train/                  |             |
|    approx_kl            | 0.009237313 |
|    clip_fraction        | 0.099       |
|    clip_range           | 0.2         |
|    entropy_loss         | -9.03       |
|    explained_variance   | 0.662       |
|    learning_rate        | 0.0003      |
|    loss                 | 1.21        |
|    n_updates            | 2010        |
|    policy_gradient_loss | -0.00666    |
|    std                  | 0.9         |
|    value_loss           | 2.61        |
-----------------------------------------
---------------------------------
| rollout/           |          |
|    ep_len_mean     | 84.4     |
|    ep_rew_mean     | 68       |
|    success_rate    | 0.66     |
| time/              |          |
|    fps             | 2883     |
|    iterations      | 202      |
|    time_elapsed    | 1721     |
|    total_timesteps | 4964352  |
---------------------------------
Eval num_timesteps=4978008, episode_reward=82.65 +/- 43.07
Episode length: 46.35 +/- 76.96
Success rate: 80.00%
------------------------------------------
| eval/                   |              |
|    mean_ep_length       | 46.4         |
|    mean_reward          | 82.6         |
|    success_rate         | 0.8          |
| time/                   |              |
|    total_timesteps      | 4978008      |
| train/                  |              |
|    approx_kl            | 0.0076978826 |
|    clip_fraction        | 0.0869       |
|    clip_range           | 0.2          |
|    entropy_loss         | -9.02        |
|    explained_variance   | 0.648        |
|    learning_rate        | 0.0003       |
|    loss                 | 1.13         |
|    n_updates            | 2020         |
|    policy_gradient_loss | -0.00672     |
|    std                  | 0.898        |
|    value_loss           | 2.46         |
------------------------------------------
---------------------------------
| rollout/           |          |
|    ep_len_mean     | 79.5     |
|    ep_rew_mean     | 70.6     |
|    success_rate    | 0.68     |
| time/              |          |
|    fps             | 2886     |
|    iterations      | 203      |
|    time_elapsed    | 1728     |
|    total_timesteps | 4988928  |
---------------------------------
Eval num_timesteps=4998000, episode_reward=86.66 +/- 41.84
Episode length: 38.15 +/- 68.48
Success rate: 85.00%
-----------------------------------------
| eval/                   |             |
|    mean_ep_length       | 38.1        |
|    mean_reward          | 86.7        |
|    success_rate         | 0.85        |
| time/                   |             |
|    total_timesteps      | 4998000     |
| train/                  |             |
|    approx_kl            | 0.010111322 |
|    clip_fraction        | 0.125       |
|    clip_range           | 0.2         |
|    entropy_loss         | -9          |
|    explained_variance   | 0.634       |
|    learning_rate        | 0.0003      |
|    loss                 | 1.23        |
|    n_updates            | 2030        |
|    policy_gradient_loss | -0.00827    |
|    std                  | 0.896       |
|    value_loss           | 2.62        |
-----------------------------------------
---------------------------------
| rollout/           |          |
|    ep_len_mean     | 77.8     |
|    ep_rew_mean     | 73.1     |
|    success_rate    | 0.7      |
| time/              |          |
|    fps             | 2888     |
|    iterations      | 204      |
|    time_elapsed    | 1735     |
|    total_timesteps | 5013504  |
---------------------------------
Eval num_timesteps=5017992, episode_reward=76.74 +/- 47.62
Episode length: 56.55 +/- 82.87
Success rate: 75.00%
-----------------------------------------
| eval/                   |             |
|    mean_ep_length       | 56.5        |
|    mean_reward          | 76.7        |
|    success_rate         | 0.75        |
| time/                   |             |
|    total_timesteps      | 5017992     |
| train/                  |             |
|    approx_kl            | 0.009763843 |
|    clip_fraction        | 0.108       |
|    clip_range           | 0.2         |
|    entropy_loss         | -8.99       |
|    explained_variance   | 0.643       |
|    learning_rate        | 0.0003      |
|    loss                 | 1.13        |
|    n_updates            | 2040        |
|    policy_gradient_loss | -0.00771    |
|    std                  | 0.895       |
|    value_loss           | 2.42        |
-----------------------------------------
Eval num_timesteps=5037984, episode_reward=78.29 +/- 45.69
Episode length: 57.45 +/- 82.60
Success rate: 75.00%
---------------------------------
| eval/              |          |
|    mean_ep_length  | 57.5     |
|    mean_reward     | 78.3     |
|    success_rate    | 0.75     |
| time/              |          |
|    total_timesteps | 5037984  |
---------------------------------
---------------------------------
| rollout/           |          |
|    ep_len_mean     | 88.5     |
|    ep_rew_mean     | 64.9     |
|    success_rate    | 0.63     |
| time/              |          |
|    fps             | 2888     |
|    iterations      | 205      |
|    time_elapsed    | 1744     |
|    total_timesteps | 5038080  |
---------------------------------
Eval num_timesteps=5057976, episode_reward=87.07 +/- 41.15
Episode length: 37.10 +/- 68.96
Success rate: 85.00%
-----------------------------------------
| eval/                   |             |
|    mean_ep_length       | 37.1        |
|    mean_reward          | 87.1        |
|    success_rate         | 0.85        |
| time/                   |             |
|    total_timesteps      | 5057976     |
| train/                  |             |
|    approx_kl            | 0.008022349 |
|    clip_fraction        | 0.0848      |
|    clip_range           | 0.2         |
|    entropy_loss         | -8.99       |
|    explained_variance   | 0.619       |
|    learning_rate        | 0.0003      |
|    loss                 | 1.11        |
|    n_updates            | 2050        |
|    policy_gradient_loss | -0.0083     |
|    std                  | 0.895       |
|    value_loss           | 2.46        |
-----------------------------------------
---------------------------------
| rollout/           |          |
|    ep_len_mean     | 71.7     |
|    ep_rew_mean     | 73.3     |
|    success_rate    | 0.71     |
| time/              |          |
|    fps             | 2889     |
|    iterations      | 206      |
|    time_elapsed    | 1751     |
|    total_timesteps | 5062656  |
---------------------------------
Eval num_timesteps=5077968, episode_reward=71.31 +/- 50.88
Episode length: 70.60 +/- 85.84
Success rate: 70.00%
----------------------------------------
| eval/                   |            |
|    mean_ep_length       | 70.6       |
|    mean_reward          | 71.3       |
|    success_rate         | 0.7        |
| time/                   |            |
|    total_timesteps      | 5077968    |
| train/                  |            |
|    approx_kl            | 0.00882781 |
|    clip_fraction        | 0.0851     |
|    clip_range           | 0.2        |
|    entropy_loss         | -8.99      |
|    explained_variance   | 0.649      |
|    learning_rate        | 0.0003     |
|    loss                 | 1.31       |
|    n_updates            | 2060       |
|    policy_gradient_loss | -0.00702   |
|    std                  | 0.895      |
|    value_loss           | 2.81       |
----------------------------------------
---------------------------------
| rollout/           |          |
|    ep_len_mean     | 80.6     |
|    ep_rew_mean     | 68.8     |
|    success_rate    | 0.67     |
| time/              |          |
|    fps             | 2891     |
|    iterations      | 207      |
|    time_elapsed    | 1759     |
|    total_timesteps | 5087232  |
---------------------------------
Eval num_timesteps=5097960, episode_reward=65.55 +/- 53.77
Episode length: 77.60 +/- 90.19
Success rate: 65.00%
-----------------------------------------
| eval/                   |             |
|    mean_ep_length       | 77.6        |
|    mean_reward          | 65.5        |
|    success_rate         | 0.65        |
| time/                   |             |
|    total_timesteps      | 5097960     |
| train/                  |             |
|    approx_kl            | 0.009715323 |
|    clip_fraction        | 0.107       |
|    clip_range           | 0.2         |
|    entropy_loss         | -8.98       |
|    explained_variance   | 0.644       |
|    learning_rate        | 0.0003      |
|    loss                 | 1.14        |
|    n_updates            | 2070        |
|    policy_gradient_loss | -0.00837    |
|    std                  | 0.896       |
|    value_loss           | 2.46        |
-----------------------------------------
---------------------------------
| rollout/           |          |
|    ep_len_mean     | 73       |
|    ep_rew_mean     | 73.8     |
|    success_rate    | 0.72     |
| time/              |          |
|    fps             | 2892     |
|    iterations      | 208      |
|    time_elapsed    | 1767     |
|    total_timesteps | 5111808  |
---------------------------------
Eval num_timesteps=5117952, episode_reward=87.68 +/- 40.12
Episode length: 45.35 +/- 72.70
Success rate: 85.00%
-----------------------------------------
| eval/                   |             |
|    mean_ep_length       | 45.4        |
|    mean_reward          | 87.7        |
|    success_rate         | 0.85        |
| time/                   |             |
|    total_timesteps      | 5117952     |
| train/                  |             |
|    approx_kl            | 0.009296016 |
|    clip_fraction        | 0.1         |
|    clip_range           | 0.2         |
|    entropy_loss         | -8.98       |
|    explained_variance   | 0.653       |
|    learning_rate        | 0.0003      |
|    loss                 | 1.29        |
|    n_updates            | 2080        |
|    policy_gradient_loss | -0.00679    |
|    std                  | 0.896       |
|    value_loss           | 2.67        |
-----------------------------------------
---------------------------------
| rollout/           |          |
|    ep_len_mean     | 87.4     |
|    ep_rew_mean     | 65.4     |
|    success_rate    | 0.65     |
| time/              |          |
|    fps             | 2895     |
|    iterations      | 209      |
|    time_elapsed    | 1774     |
|    total_timesteps | 5136384  |
---------------------------------
Eval num_timesteps=5137944, episode_reward=87.16 +/- 40.02
Episode length: 36.40 +/- 68.88
Success rate: 85.00%
-----------------------------------------
| eval/                   |             |
|    mean_ep_length       | 36.4        |
|    mean_reward          | 87.2        |
|    success_rate         | 0.85        |
| time/                   |             |
|    total_timesteps      | 5137944     |
| train/                  |             |
|    approx_kl            | 0.009010533 |
|    clip_fraction        | 0.103       |
|    clip_range           | 0.2         |
|    entropy_loss         | -8.98       |
|    explained_variance   | 0.635       |
|    learning_rate        | 0.0003      |
|    loss                 | 1.2         |
|    n_updates            | 2090        |
|    policy_gradient_loss | -0.00747    |
|    std                  | 0.895       |
|    value_loss           | 2.56        |
-----------------------------------------
Eval num_timesteps=5157936, episode_reward=69.96 +/- 51.75
Episode length: 66.40 +/- 87.81
Success rate: 70.00%
---------------------------------
| eval/              |          |
|    mean_ep_length  | 66.4     |
|    mean_reward     | 70       |
|    success_rate    | 0.7      |
| time/              |          |
|    total_timesteps | 5157936  |
---------------------------------
---------------------------------
| rollout/           |          |
|    ep_len_mean     | 88.5     |
|    ep_rew_mean     | 61.7     |
|    success_rate    | 0.61     |
| time/              |          |
|    fps             | 2895     |
|    iterations      | 210      |
|    time_elapsed    | 1782     |
|    total_timesteps | 5160960  |
---------------------------------
Eval num_timesteps=5177928, episode_reward=77.83 +/- 45.72
Episode length: 54.95 +/- 83.80
Success rate: 75.00%
-----------------------------------------
| eval/                   |             |
|    mean_ep_length       | 55          |
|    mean_reward          | 77.8        |
|    success_rate         | 0.75        |
| time/                   |             |
|    total_timesteps      | 5177928     |
| train/                  |             |
|    approx_kl            | 0.009301345 |
|    clip_fraction        | 0.0984      |
|    clip_range           | 0.2         |
|    entropy_loss         | -8.96       |
|    explained_variance   | 0.631       |
|    learning_rate        | 0.0003      |
|    loss                 | 1.13        |
|    n_updates            | 2100        |
|    policy_gradient_loss | -0.00845    |
|    std                  | 0.893       |
|    value_loss           | 2.61        |
-----------------------------------------
---------------------------------
| rollout/           |          |
|    ep_len_mean     | 61.8     |
|    ep_rew_mean     | 79       |
|    success_rate    | 0.76     |
| time/              |          |
|    fps             | 2896     |
|    iterations      | 211      |
|    time_elapsed    | 1790     |
|    total_timesteps | 5185536  |
---------------------------------
Eval num_timesteps=5197920, episode_reward=65.58 +/- 54.36
Episode length: 77.20 +/- 90.52
Success rate: 65.00%
-----------------------------------------
| eval/                   |             |
|    mean_ep_length       | 77.2        |
|    mean_reward          | 65.6        |
|    success_rate         | 0.65        |
| time/                   |             |
|    total_timesteps      | 5197920     |
| train/                  |             |
|    approx_kl            | 0.009875596 |
|    clip_fraction        | 0.108       |
|    clip_range           | 0.2         |
|    entropy_loss         | -8.93       |
|    explained_variance   | 0.664       |
|    learning_rate        | 0.0003      |
|    loss                 | 1.17        |
|    n_updates            | 2110        |
|    policy_gradient_loss | -0.00855    |
|    std                  | 0.888       |
|    value_loss           | 2.54        |
-----------------------------------------
---------------------------------
| rollout/           |          |
|    ep_len_mean     | 80.2     |
|    ep_rew_mean     | 69.9     |
|    success_rate    | 0.68     |
| time/              |          |
|    fps             | 2897     |
|    iterations      | 212      |
|    time_elapsed    | 1798     |
|    total_timesteps | 5210112  |
---------------------------------
Eval num_timesteps=5217912, episode_reward=58.91 +/- 57.41
Episode length: 87.80 +/- 91.96
Success rate: 60.00%
---------------------------------------
| eval/                   |           |
|    mean_ep_length       | 87.8      |
|    mean_reward          | 58.9      |
|    success_rate         | 0.6       |
| time/                   |           |
|    total_timesteps      | 5217912   |
| train/                  |           |
|    approx_kl            | 0.0109918 |
|    clip_fraction        | 0.134     |
|    clip_range           | 0.2       |
|    entropy_loss         | -8.9      |
|    explained_variance   | 0.673     |
|    learning_rate        | 0.0003    |
|    loss                 | 1.23      |
|    n_updates            | 2120      |
|    policy_gradient_loss | -0.00837  |
|    std                  | 0.886     |
|    value_loss           | 2.54      |
---------------------------------------
---------------------------------
| rollout/           |          |
|    ep_len_mean     | 72.5     |
|    ep_rew_mean     | 71.5     |
|    success_rate    | 0.7      |
| time/              |          |
|    fps             | 2898     |
|    iterations      | 213      |
|    time_elapsed    | 1806     |
|    total_timesteps | 5234688  |
---------------------------------
Eval num_timesteps=5237904, episode_reward=72.95 +/- 49.54
Episode length: 67.15 +/- 87.23
Success rate: 70.00%
-----------------------------------------
| eval/                   |             |
|    mean_ep_length       | 67.2        |
|    mean_reward          | 72.9        |
|    success_rate         | 0.7         |
| time/                   |             |
|    total_timesteps      | 5237904     |
| train/                  |             |
|    approx_kl            | 0.009330547 |
|    clip_fraction        | 0.0897      |
|    clip_range           | 0.2         |
|    entropy_loss         | -8.88       |
|    explained_variance   | 0.662       |
|    learning_rate        | 0.0003      |
|    loss                 | 1.21        |
|    n_updates            | 2130        |
|    policy_gradient_loss | -0.00796    |
|    std                  | 0.884       |
|    value_loss           | 2.66        |
-----------------------------------------
Eval num_timesteps=5257896, episode_reward=63.44 +/- 56.72
Episode length: 76.40 +/- 90.86
Success rate: 65.00%
---------------------------------
| eval/              |          |
|    mean_ep_length  | 76.4     |
|    mean_reward     | 63.4     |
|    success_rate    | 0.65     |
| time/              |          |
|    total_timesteps | 5257896  |
---------------------------------
---------------------------------
| rollout/           |          |
|    ep_len_mean     | 74.7     |
|    ep_rew_mean     | 71.4     |
|    success_rate    | 0.69     |
| time/              |          |
|    fps             | 2896     |
|    iterations      | 214      |
|    time_elapsed    | 1815     |
|    total_timesteps | 5259264  |
---------------------------------
Eval num_timesteps=5277888, episode_reward=71.37 +/- 50.76
Episode length: 67.30 +/- 87.12
Success rate: 70.00%
-----------------------------------------
| eval/                   |             |
|    mean_ep_length       | 67.3        |
|    mean_reward          | 71.4        |
|    success_rate         | 0.7         |
| time/                   |             |
|    total_timesteps      | 5277888     |
| train/                  |             |
|    approx_kl            | 0.008917511 |
|    clip_fraction        | 0.0926      |
|    clip_range           | 0.2         |
|    entropy_loss         | -8.87       |
|    explained_variance   | 0.654       |
|    learning_rate        | 0.0003      |
|    loss                 | 1.22        |
|    n_updates            | 2140        |
|    policy_gradient_loss | -0.00763    |
|    std                  | 0.885       |
|    value_loss           | 2.47        |
-----------------------------------------
---------------------------------
| rollout/           |          |
|    ep_len_mean     | 63.3     |
|    ep_rew_mean     | 77.5     |
|    success_rate    | 0.75     |
| time/              |          |
|    fps             | 2897     |
|    iterations      | 215      |
|    time_elapsed    | 1823     |
|    total_timesteps | 5283840  |
---------------------------------
Eval num_timesteps=5297880, episode_reward=80.43 +/- 45.82
Episode length: 44.85 +/- 77.60
Success rate: 80.00%
-----------------------------------------
| eval/                   |             |
|    mean_ep_length       | 44.9        |
|    mean_reward          | 80.4        |
|    success_rate         | 0.8         |
| time/                   |             |
|    total_timesteps      | 5297880     |
| train/                  |             |
|    approx_kl            | 0.008962415 |
|    clip_fraction        | 0.084       |
|    clip_range           | 0.2         |
|    entropy_loss         | -8.88       |
|    explained_variance   | 0.68        |
|    learning_rate        | 0.0003      |
|    loss                 | 1.23        |
|    n_updates            | 2150        |
|    policy_gradient_loss | -0.00689    |
|    std                  | 0.884       |
|    value_loss           | 2.66        |
-----------------------------------------
---------------------------------
| rollout/           |          |
|    ep_len_mean     | 71       |
|    ep_rew_mean     | 73.6     |
|    success_rate    | 0.72     |
| time/              |          |
|    fps             | 2900     |
|    iterations      | 216      |
|    time_elapsed    | 1830     |
|    total_timesteps | 5308416  |
---------------------------------
Eval num_timesteps=5317872, episode_reward=93.00 +/- 34.72
Episode length: 27.85 +/- 57.62
Success rate: 90.00%
------------------------------------------
| eval/                   |              |
|    mean_ep_length       | 27.9         |
|    mean_reward          | 93           |
|    success_rate         | 0.9          |
| time/                   |              |
|    total_timesteps      | 5317872      |
| train/                  |              |
|    approx_kl            | 0.0099899545 |
|    clip_fraction        | 0.112        |
|    clip_range           | 0.2          |
|    entropy_loss         | -8.86        |
|    explained_variance   | 0.653        |
|    learning_rate        | 0.0003       |
|    loss                 | 1.41         |
|    n_updates            | 2160         |
|    policy_gradient_loss | -0.00805     |
|    std                  | 0.881        |
|    value_loss           | 2.79         |
------------------------------------------
---------------------------------
| rollout/           |          |
|    ep_len_mean     | 81.3     |
|    ep_rew_mean     | 67.8     |
|    success_rate    | 0.66     |
| time/              |          |
|    fps             | 2902     |
|    iterations      | 217      |
|    time_elapsed    | 1837     |
|    total_timesteps | 5332992  |
---------------------------------
Eval num_timesteps=5337864, episode_reward=72.32 +/- 48.12
Episode length: 70.45 +/- 86.08
Success rate: 70.00%
-----------------------------------------
| eval/                   |             |
|    mean_ep_length       | 70.5        |
|    mean_reward          | 72.3        |
|    success_rate         | 0.7         |
| time/                   |             |
|    total_timesteps      | 5337864     |
| train/                  |             |
|    approx_kl            | 0.008981634 |
|    clip_fraction        | 0.103       |
|    clip_range           | 0.2         |
|    entropy_loss         | -8.84       |
|    explained_variance   | 0.656       |
|    learning_rate        | 0.0003      |
|    loss                 | 1.13        |
|    n_updates            | 2170        |
|    policy_gradient_loss | -0.00773    |
|    std                  | 0.88        |
|    value_loss           | 2.48        |
-----------------------------------------
---------------------------------
| rollout/           |          |
|    ep_len_mean     | 85       |
|    ep_rew_mean     | 67.1     |
|    success_rate    | 0.65     |
| time/              |          |
|    fps             | 2903     |
|    iterations      | 218      |
|    time_elapsed    | 1845     |
|    total_timesteps | 5357568  |
---------------------------------
Eval num_timesteps=5357856, episode_reward=58.94 +/- 55.81
Episode length: 85.05 +/- 93.97
Success rate: 60.00%
-----------------------------------------
| eval/                   |             |
|    mean_ep_length       | 85          |
|    mean_reward          | 58.9        |
|    success_rate         | 0.6         |
| time/                   |             |
|    total_timesteps      | 5357856     |
| train/                  |             |
|    approx_kl            | 0.009827812 |
|    clip_fraction        | 0.0953      |
|    clip_range           | 0.2         |
|    entropy_loss         | -8.83       |
|    explained_variance   | 0.663       |
|    learning_rate        | 0.0003      |
|    loss                 | 1.08        |
|    n_updates            | 2180        |
|    policy_gradient_loss | -0.00801    |
|    std                  | 0.88        |
|    value_loss           | 2.29        |
-----------------------------------------
Eval num_timesteps=5377848, episode_reward=86.09 +/- 41.51
Episode length: 37.70 +/- 68.47
Success rate: 85.00%
---------------------------------
| eval/              |          |
|    mean_ep_length  | 37.7     |
|    mean_reward     | 86.1     |
|    success_rate    | 0.85     |
| time/              |          |
|    total_timesteps | 5377848  |
---------------------------------
---------------------------------
| rollout/           |          |
|    ep_len_mean     | 63.4     |
|    ep_rew_mean     | 78.6     |
|    success_rate    | 0.76     |
| time/              |          |
|    fps             | 2903     |
|    iterations      | 219      |
|    time_elapsed    | 1853     |
|    total_timesteps | 5382144  |
---------------------------------
Eval num_timesteps=5397840, episode_reward=45.08 +/- 53.42
Episode length: 113.45 +/- 95.75
Success rate: 45.00%
-----------------------------------------
| eval/                   |             |
|    mean_ep_length       | 113         |
|    mean_reward          | 45.1        |
|    success_rate         | 0.45        |
| time/                   |             |
|    total_timesteps      | 5397840     |
| train/                  |             |
|    approx_kl            | 0.009221944 |
|    clip_fraction        | 0.105       |
|    clip_range           | 0.2         |
|    entropy_loss         | -8.82       |
|    explained_variance   | 0.636       |
|    learning_rate        | 0.0003      |
|    loss                 | 1.3         |
|    n_updates            | 2190        |
|    policy_gradient_loss | -0.00736    |
|    std                  | 0.875       |
|    value_loss           | 2.82        |
-----------------------------------------
---------------------------------
| rollout/           |          |
|    ep_len_mean     | 68.2     |
|    ep_rew_mean     | 74.5     |
|    success_rate    | 0.73     |
| time/              |          |
|    fps             | 2905     |
|    iterations      | 220      |
|    time_elapsed    | 1860     |
|    total_timesteps | 5406720  |
---------------------------------
Eval num_timesteps=5417832, episode_reward=75.56 +/- 49.47
Episode length: 57.70 +/- 82.38
Success rate: 75.00%
-----------------------------------------
| eval/                   |             |
|    mean_ep_length       | 57.7        |
|    mean_reward          | 75.6        |
|    success_rate         | 0.75        |
| time/                   |             |
|    total_timesteps      | 5417832     |
| train/                  |             |
|    approx_kl            | 0.010238797 |
|    clip_fraction        | 0.113       |
|    clip_range           | 0.2         |
|    entropy_loss         | -8.79       |
|    explained_variance   | 0.66        |
|    learning_rate        | 0.0003      |
|    loss                 | 1.3         |
|    n_updates            | 2200        |
|    policy_gradient_loss | -0.00791    |
|    std                  | 0.874       |
|    value_loss           | 2.75        |
-----------------------------------------
---------------------------------
| rollout/           |          |
|    ep_len_mean     | 69       |
|    ep_rew_mean     | 75.8     |
|    success_rate    | 0.73     |
| time/              |          |
|    fps             | 2907     |
|    iterations      | 221      |
|    time_elapsed    | 1867     |
|    total_timesteps | 5431296  |
---------------------------------
Eval num_timesteps=5437824, episode_reward=56.78 +/- 53.86
Episode length: 96.35 +/- 93.92
Success rate: 55.00%
----------------------------------------
| eval/                   |            |
|    mean_ep_length       | 96.3       |
|    mean_reward          | 56.8       |
|    success_rate         | 0.55       |
| time/                   |            |
|    total_timesteps      | 5437824    |
| train/                  |            |
|    approx_kl            | 0.00932585 |
|    clip_fraction        | 0.0993     |
|    clip_range           | 0.2        |
|    entropy_loss         | -8.78      |
|    explained_variance   | 0.674      |
|    learning_rate        | 0.0003     |
|    loss                 | 1.16       |
|    n_updates            | 2210       |
|    policy_gradient_loss | -0.0081    |
|    std                  | 0.872      |
|    value_loss           | 2.42       |
----------------------------------------
---------------------------------
| rollout/           |          |
|    ep_len_mean     | 77.7     |
|    ep_rew_mean     | 68.6     |
|    success_rate    | 0.68     |
| time/              |          |
|    fps             | 2911     |
|    iterations      | 222      |
|    time_elapsed    | 1873     |
|    total_timesteps | 5455872  |
---------------------------------
Eval num_timesteps=5457816, episode_reward=93.25 +/- 33.94
Episode length: 28.35 +/- 57.43
Success rate: 90.00%
-----------------------------------------
| eval/                   |             |
|    mean_ep_length       | 28.4        |
|    mean_reward          | 93.2        |
|    success_rate         | 0.9         |
| time/                   |             |
|    total_timesteps      | 5457816     |
| train/                  |             |
|    approx_kl            | 0.009716157 |
|    clip_fraction        | 0.0981      |
|    clip_range           | 0.2         |
|    entropy_loss         | -8.76       |
|    explained_variance   | 0.667       |
|    learning_rate        | 0.0003      |
|    loss                 | 1.22        |
|    n_updates            | 2220        |
|    policy_gradient_loss | -0.0077     |
|    std                  | 0.87        |
|    value_loss           | 2.67        |
-----------------------------------------
Eval num_timesteps=5477808, episode_reward=77.17 +/- 48.65
Episode length: 56.65 +/- 82.94
Success rate: 75.00%
---------------------------------
| eval/              |          |
|    mean_ep_length  | 56.6     |
|    mean_reward     | 77.2     |
|    success_rate    | 0.75     |
| time/              |          |
|    total_timesteps | 5477808  |
---------------------------------
---------------------------------
| rollout/           |          |
|    ep_len_mean     | 77.3     |
|    ep_rew_mean     | 72.4     |
|    success_rate    | 0.7      |
| time/              |          |
|    fps             | 2912     |
|    iterations      | 223      |
|    time_elapsed    | 1881     |
|    total_timesteps | 5480448  |
---------------------------------
Eval num_timesteps=5497800, episode_reward=82.27 +/- 43.29
Episode length: 45.55 +/- 77.34
Success rate: 80.00%
----------------------------------------
| eval/                   |            |
|    mean_ep_length       | 45.5       |
|    mean_reward          | 82.3       |
|    success_rate         | 0.8        |
| time/                   |            |
|    total_timesteps      | 5497800    |
| train/                  |            |
|    approx_kl            | 0.00844795 |
|    clip_fraction        | 0.0893     |
|    clip_range           | 0.2        |
|    entropy_loss         | -8.75      |
|    explained_variance   | 0.684      |
|    learning_rate        | 0.0003     |
|    loss                 | 1.2        |
|    n_updates            | 2230       |
|    policy_gradient_loss | -0.00804   |
|    std                  | 0.868      |
|    value_loss           | 2.54       |
----------------------------------------
---------------------------------
| rollout/           |          |
|    ep_len_mean     | 62.1     |
|    ep_rew_mean     | 78.6     |
|    success_rate    | 0.76     |
| time/              |          |
|    fps             | 2915     |
|    iterations      | 224      |
|    time_elapsed    | 1888     |
|    total_timesteps | 5505024  |
---------------------------------
Eval num_timesteps=5517792, episode_reward=81.41 +/- 45.72
Episode length: 46.60 +/- 77.02
Success rate: 80.00%
-----------------------------------------
| eval/                   |             |
|    mean_ep_length       | 46.6        |
|    mean_reward          | 81.4        |
|    success_rate         | 0.8         |
| time/                   |             |
|    total_timesteps      | 5517792     |
| train/                  |             |
|    approx_kl            | 0.010692231 |
|    clip_fraction        | 0.117       |
|    clip_range           | 0.2         |
|    entropy_loss         | -8.73       |
|    explained_variance   | 0.688       |
|    learning_rate        | 0.0003      |
|    loss                 | 1.14        |
|    n_updates            | 2240        |
|    policy_gradient_loss | -0.00793    |
|    std                  | 0.866       |
|    value_loss           | 2.67        |
-----------------------------------------
---------------------------------
| rollout/           |          |
|    ep_len_mean     | 52.8     |
|    ep_rew_mean     | 84.3     |
|    success_rate    | 0.82     |
| time/              |          |
|    fps             | 2917     |
|    iterations      | 225      |
|    time_elapsed    | 1895     |
|    total_timesteps | 5529600  |
---------------------------------
Eval num_timesteps=5537784, episode_reward=87.55 +/- 40.46
Episode length: 37.60 +/- 68.40
Success rate: 85.00%
-----------------------------------------
| eval/                   |             |
|    mean_ep_length       | 37.6        |
|    mean_reward          | 87.6        |
|    success_rate         | 0.85        |
| time/                   |             |
|    total_timesteps      | 5537784     |
| train/                  |             |
|    approx_kl            | 0.010322743 |
|    clip_fraction        | 0.117       |
|    clip_range           | 0.2         |
|    entropy_loss         | -8.72       |
|    explained_variance   | 0.685       |
|    learning_rate        | 0.0003      |
|    loss                 | 1.41        |
|    n_updates            | 2250        |
|    policy_gradient_loss | -0.00765    |
|    std                  | 0.865       |
|    value_loss           | 2.93        |
-----------------------------------------
---------------------------------
| rollout/           |          |
|    ep_len_mean     | 59.7     |
|    ep_rew_mean     | 81.8     |
|    success_rate    | 0.79     |
| time/              |          |
|    fps             | 2920     |
|    iterations      | 226      |
|    time_elapsed    | 1901     |
|    total_timesteps | 5554176  |
---------------------------------
Eval num_timesteps=5557776, episode_reward=88.20 +/- 40.08
Episode length: 36.75 +/- 68.79
Success rate: 85.00%
----------------------------------------
| eval/                   |            |
|    mean_ep_length       | 36.8       |
|    mean_reward          | 88.2       |
|    success_rate         | 0.85       |
| time/                   |            |
|    total_timesteps      | 5557776    |
| train/                  |            |
|    approx_kl            | 0.01053917 |
|    clip_fraction        | 0.115      |
|    clip_range           | 0.2        |
|    entropy_loss         | -8.72      |
|    explained_variance   | 0.688      |
|    learning_rate        | 0.0003     |
|    loss                 | 1.28       |
|    n_updates            | 2260       |
|    policy_gradient_loss | -0.00776   |
|    std                  | 0.865      |
|    value_loss           | 2.7        |
----------------------------------------
Eval num_timesteps=5577768, episode_reward=78.94 +/- 45.47
Episode length: 57.85 +/- 82.49
Success rate: 75.00%
---------------------------------
| eval/              |          |
|    mean_ep_length  | 57.9     |
|    mean_reward     | 78.9     |
|    success_rate    | 0.75     |
| time/              |          |
|    total_timesteps | 5577768  |
---------------------------------
---------------------------------
| rollout/           |          |
|    ep_len_mean     | 53.8     |
|    ep_rew_mean     | 83.1     |
|    success_rate    | 0.8      |
| time/              |          |
|    fps             | 2922     |
|    iterations      | 227      |
|    time_elapsed    | 1909     |
|    total_timesteps | 5578752  |
---------------------------------
Eval num_timesteps=5597760, episode_reward=93.23 +/- 34.11
Episode length: 29.25 +/- 57.90
Success rate: 90.00%
-----------------------------------------
| eval/                   |             |
|    mean_ep_length       | 29.2        |
|    mean_reward          | 93.2        |
|    success_rate         | 0.9         |
| time/                   |             |
|    total_timesteps      | 5597760     |
| train/                  |             |
|    approx_kl            | 0.008937015 |
|    clip_fraction        | 0.1         |
|    clip_range           | 0.2         |
|    entropy_loss         | -8.72       |
|    explained_variance   | 0.69        |
|    learning_rate        | 0.0003      |
|    loss                 | 1.31        |
|    n_updates            | 2270        |
|    policy_gradient_loss | -0.00787    |
|    std                  | 0.863       |
|    value_loss           | 2.64        |
-----------------------------------------
---------------------------------
| rollout/           |          |
|    ep_len_mean     | 61.8     |
|    ep_rew_mean     | 81.2     |
|    success_rate    | 0.78     |
| time/              |          |
|    fps             | 2925     |
|    iterations      | 228      |
|    time_elapsed    | 1915     |
|    total_timesteps | 5603328  |
---------------------------------
Eval num_timesteps=5617752, episode_reward=71.65 +/- 51.12
Episode length: 73.70 +/- 86.13
Success rate: 70.00%
-----------------------------------------
| eval/                   |             |
|    mean_ep_length       | 73.7        |
|    mean_reward          | 71.6        |
|    success_rate         | 0.7         |
| time/                   |             |
|    total_timesteps      | 5617752     |
| train/                  |             |
|    approx_kl            | 0.008869249 |
|    clip_fraction        | 0.107       |
|    clip_range           | 0.2         |
|    entropy_loss         | -8.7        |
|    explained_variance   | 0.688       |
|    learning_rate        | 0.0003      |
|    loss                 | 1.24        |
|    n_updates            | 2280        |
|    policy_gradient_loss | -0.00835    |
|    std                  | 0.861       |
|    value_loss           | 2.8         |
-----------------------------------------
---------------------------------
| rollout/           |          |
|    ep_len_mean     | 64.1     |
|    ep_rew_mean     | 76       |
|    success_rate    | 0.74     |
| time/              |          |
|    fps             | 2928     |
|    iterations      | 229      |
|    time_elapsed    | 1922     |
|    total_timesteps | 5627904  |
---------------------------------
Eval num_timesteps=5637744, episode_reward=87.03 +/- 40.86
Episode length: 35.05 +/- 69.35
Success rate: 85.00%
-----------------------------------------
| eval/                   |             |
|    mean_ep_length       | 35          |
|    mean_reward          | 87          |
|    success_rate         | 0.85        |
| time/                   |             |
|    total_timesteps      | 5637744     |
| train/                  |             |
|    approx_kl            | 0.008361464 |
|    clip_fraction        | 0.0816      |
|    clip_range           | 0.2         |
|    entropy_loss         | -8.68       |
|    explained_variance   | 0.708       |
|    learning_rate        | 0.0003      |
|    loss                 | 1.28        |
|    n_updates            | 2290        |
|    policy_gradient_loss | -0.00722    |
|    std                  | 0.86        |
|    value_loss           | 2.55        |
-----------------------------------------
---------------------------------
| rollout/           |          |
|    ep_len_mean     | 56.1     |
|    ep_rew_mean     | 82       |
|    success_rate    | 0.79     |
| time/              |          |
|    fps             | 2932     |
|    iterations      | 230      |
|    time_elapsed    | 1927     |
|    total_timesteps | 5652480  |
---------------------------------
Eval num_timesteps=5657736, episode_reward=77.46 +/- 48.09
Episode length: 55.75 +/- 83.34
Success rate: 75.00%
-----------------------------------------
| eval/                   |             |
|    mean_ep_length       | 55.8        |
|    mean_reward          | 77.5        |
|    success_rate         | 0.75        |
| time/                   |             |
|    total_timesteps      | 5657736     |
| train/                  |             |
|    approx_kl            | 0.009515923 |
|    clip_fraction        | 0.0944      |
|    clip_range           | 0.2         |
|    entropy_loss         | -8.68       |
|    explained_variance   | 0.694       |
|    learning_rate        | 0.0003      |
|    loss                 | 1.24        |
|    n_updates            | 2300        |
|    policy_gradient_loss | -0.00898    |
|    std                  | 0.86        |
|    value_loss           | 2.7         |
-----------------------------------------
---------------------------------
| rollout/           |          |
|    ep_len_mean     | 65.3     |
|    ep_rew_mean     | 76.8     |
|    success_rate    | 0.74     |
| time/              |          |
|    fps             | 2935     |
|    iterations      | 231      |
|    time_elapsed    | 1933     |
|    total_timesteps | 5677056  |
---------------------------------
Eval num_timesteps=5677728, episode_reward=93.21 +/- 34.19
Episode length: 28.05 +/- 57.76
Success rate: 90.00%
------------------------------------------
| eval/                   |              |
|    mean_ep_length       | 28.1         |
|    mean_reward          | 93.2         |
|    success_rate         | 0.9          |
| time/                   |              |
|    total_timesteps      | 5677728      |
| train/                  |              |
|    approx_kl            | 0.0077357492 |
|    clip_fraction        | 0.0877       |
|    clip_range           | 0.2          |
|    entropy_loss         | -8.69        |
|    explained_variance   | 0.691        |
|    learning_rate        | 0.0003       |
|    loss                 | 1.23         |
|    n_updates            | 2310         |
|    policy_gradient_loss | -0.00749     |
|    std                  | 0.862        |
|    value_loss           | 2.63         |
------------------------------------------
Eval num_timesteps=5697720, episode_reward=65.08 +/- 53.52
Episode length: 74.90 +/- 91.85
Success rate: 65.00%
---------------------------------
| eval/              |          |
|    mean_ep_length  | 74.9     |
|    mean_reward     | 65.1     |
|    success_rate    | 0.65     |
| time/              |          |
|    total_timesteps | 5697720  |
---------------------------------
---------------------------------
| rollout/           |          |
|    ep_len_mean     | 57.9     |
|    ep_rew_mean     | 79.7     |
|    success_rate    | 0.77     |
| time/              |          |
|    fps             | 2937     |
|    iterations      | 232      |
|    time_elapsed    | 1940     |
|    total_timesteps | 5701632  |
---------------------------------
Eval num_timesteps=5717712, episode_reward=69.49 +/- 52.99
Episode length: 64.35 +/- 88.87
Success rate: 70.00%
-----------------------------------------
| eval/                   |             |
|    mean_ep_length       | 64.3        |
|    mean_reward          | 69.5        |
|    success_rate         | 0.7         |
| time/                   |             |
|    total_timesteps      | 5717712     |
| train/                  |             |
|    approx_kl            | 0.010097449 |
|    clip_fraction        | 0.105       |
|    clip_range           | 0.2         |
|    entropy_loss         | -8.69       |
|    explained_variance   | 0.691       |
|    learning_rate        | 0.0003      |
|    loss                 | 1.32        |
|    n_updates            | 2320        |
|    policy_gradient_loss | -0.00801    |
|    std                  | 0.86        |
|    value_loss           | 2.82        |
-----------------------------------------
---------------------------------
| rollout/           |          |
|    ep_len_mean     | 65       |
|    ep_rew_mean     | 77.7     |
|    success_rate    | 0.75     |
| time/              |          |
|    fps             | 2938     |
|    iterations      | 233      |
|    time_elapsed    | 1948     |
|    total_timesteps | 5726208  |
---------------------------------
Eval num_timesteps=5737704, episode_reward=60.48 +/- 54.43
Episode length: 84.20 +/- 94.64
Success rate: 60.00%
-----------------------------------------
| eval/                   |             |
|    mean_ep_length       | 84.2        |
|    mean_reward          | 60.5        |
|    success_rate         | 0.6         |
| time/                   |             |
|    total_timesteps      | 5737704     |
| train/                  |             |
|    approx_kl            | 0.009354425 |
|    clip_fraction        | 0.109       |
|    clip_range           | 0.2         |
|    entropy_loss         | -8.67       |
|    explained_variance   | 0.703       |
|    learning_rate        | 0.0003      |
|    loss                 | 1.29        |
|    n_updates            | 2330        |
|    policy_gradient_loss | -0.00833    |
|    std                  | 0.859       |
|    value_loss           | 2.62        |
-----------------------------------------
---------------------------------
| rollout/           |          |
|    ep_len_mean     | 64.5     |
|    ep_rew_mean     | 78.2     |
|    success_rate    | 0.76     |
| time/              |          |
|    fps             | 2940     |
|    iterations      | 234      |
|    time_elapsed    | 1955     |
|    total_timesteps | 5750784  |
---------------------------------
Eval num_timesteps=5757696, episode_reward=76.48 +/- 48.83
Episode length: 56.60 +/- 83.01
Success rate: 75.00%
------------------------------------------
| eval/                   |              |
|    mean_ep_length       | 56.6         |
|    mean_reward          | 76.5         |
|    success_rate         | 0.75         |
| time/                   |              |
|    total_timesteps      | 5757696      |
| train/                  |              |
|    approx_kl            | 0.0111825345 |
|    clip_fraction        | 0.126        |
|    clip_range           | 0.2          |
|    entropy_loss         | -8.65        |
|    explained_variance   | 0.697        |
|    learning_rate        | 0.0003       |
|    loss                 | 1.37         |
|    n_updates            | 2340         |
|    policy_gradient_loss | -0.0086      |
|    std                  | 0.856        |
|    value_loss           | 2.7          |
------------------------------------------
---------------------------------
| rollout/           |          |
|    ep_len_mean     | 69.9     |
|    ep_rew_mean     | 76.1     |
|    success_rate    | 0.73     |
| time/              |          |
|    fps             | 2942     |
|    iterations      | 235      |
|    time_elapsed    | 1962     |
|    total_timesteps | 5775360  |
---------------------------------
Eval num_timesteps=5777688, episode_reward=64.88 +/- 53.27
Episode length: 73.20 +/- 93.06
Success rate: 65.00%
-----------------------------------------
| eval/                   |             |
|    mean_ep_length       | 73.2        |
|    mean_reward          | 64.9        |
|    success_rate         | 0.65        |
| time/                   |             |
|    total_timesteps      | 5777688     |
| train/                  |             |
|    approx_kl            | 0.007952037 |
|    clip_fraction        | 0.103       |
|    clip_range           | 0.2         |
|    entropy_loss         | -8.64       |
|    explained_variance   | 0.705       |
|    learning_rate        | 0.0003      |
|    loss                 | 1.13        |
|    n_updates            | 2350        |
|    policy_gradient_loss | -0.00785    |
|    std                  | 0.856       |
|    value_loss           | 2.46        |
-----------------------------------------
Eval num_timesteps=5797680, episode_reward=70.03 +/- 52.14
Episode length: 65.65 +/- 88.19
Success rate: 70.00%
---------------------------------
| eval/              |          |
|    mean_ep_length  | 65.7     |
|    mean_reward     | 70       |
|    success_rate    | 0.7      |
| time/              |          |
|    total_timesteps | 5797680  |
---------------------------------
---------------------------------
| rollout/           |          |
|    ep_len_mean     | 65.3     |
|    ep_rew_mean     | 75.6     |
|    success_rate    | 0.73     |
| time/              |          |
|    fps             | 2943     |
|    iterations      | 236      |
|    time_elapsed    | 1970     |
|    total_timesteps | 5799936  |
---------------------------------
Eval num_timesteps=5817672, episode_reward=78.07 +/- 45.03
Episode length: 56.65 +/- 83.01
Success rate: 75.00%
-----------------------------------------
| eval/                   |             |
|    mean_ep_length       | 56.6        |
|    mean_reward          | 78.1        |
|    success_rate         | 0.75        |
| time/                   |             |
|    total_timesteps      | 5817672     |
| train/                  |             |
|    approx_kl            | 0.009608418 |
|    clip_fraction        | 0.101       |
|    clip_range           | 0.2         |
|    entropy_loss         | -8.63       |
|    explained_variance   | 0.692       |
|    learning_rate        | 0.0003      |
|    loss                 | 1.17        |
|    n_updates            | 2360        |
|    policy_gradient_loss | -0.00826    |
|    std                  | 0.852       |
|    value_loss           | 2.47        |
-----------------------------------------
---------------------------------
| rollout/           |          |
|    ep_len_mean     | 65.6     |
|    ep_rew_mean     | 74.9     |
|    success_rate    | 0.73     |
| time/              |          |
|    fps             | 2945     |
|    iterations      | 237      |
|    time_elapsed    | 1977     |
|    total_timesteps | 5824512  |
---------------------------------
Eval num_timesteps=5837664, episode_reward=81.82 +/- 47.30
Episode length: 51.65 +/- 75.41
Success rate: 80.00%
-----------------------------------------
| eval/                   |             |
|    mean_ep_length       | 51.6        |
|    mean_reward          | 81.8        |
|    success_rate         | 0.8         |
| time/                   |             |
|    total_timesteps      | 5837664     |
| train/                  |             |
|    approx_kl            | 0.009950894 |
|    clip_fraction        | 0.125       |
|    clip_range           | 0.2         |
|    entropy_loss         | -8.61       |
|    explained_variance   | 0.675       |
|    learning_rate        | 0.0003      |
|    loss                 | 1.2         |
|    n_updates            | 2370        |
|    policy_gradient_loss | -0.00834    |
|    std                  | 0.851       |
|    value_loss           | 2.61        |
-----------------------------------------
---------------------------------
| rollout/           |          |
|    ep_len_mean     | 56       |
|    ep_rew_mean     | 80.6     |
|    success_rate    | 0.78     |
| time/              |          |
|    fps             | 2948     |
|    iterations      | 238      |
|    time_elapsed    | 1984     |
|    total_timesteps | 5849088  |
---------------------------------
Eval num_timesteps=5857656, episode_reward=76.96 +/- 47.91
Episode length: 55.75 +/- 83.40
Success rate: 75.00%
-----------------------------------------
| eval/                   |             |
|    mean_ep_length       | 55.8        |
|    mean_reward          | 77          |
|    success_rate         | 0.75        |
| time/                   |             |
|    total_timesteps      | 5857656     |
| train/                  |             |
|    approx_kl            | 0.009463296 |
|    clip_fraction        | 0.0991      |
|    clip_range           | 0.2         |
|    entropy_loss         | -8.6        |
|    explained_variance   | 0.702       |
|    learning_rate        | 0.0003      |
|    loss                 | 1.32        |
|    n_updates            | 2380        |
|    policy_gradient_loss | -0.008      |
|    std                  | 0.849       |
|    value_loss           | 2.86        |
-----------------------------------------
---------------------------------
| rollout/           |          |
|    ep_len_mean     | 56.8     |
|    ep_rew_mean     | 82.1     |
|    success_rate    | 0.79     |
| time/              |          |
|    fps             | 2950     |
|    iterations      | 239      |
|    time_elapsed    | 1990     |
|    total_timesteps | 5873664  |
---------------------------------
Eval num_timesteps=5877648, episode_reward=89.55 +/- 36.39
Episode length: 40.30 +/- 68.74
Success rate: 85.00%
----------------------------------------
| eval/                   |            |
|    mean_ep_length       | 40.3       |
|    mean_reward          | 89.6       |
|    success_rate         | 0.85       |
| time/                   |            |
|    total_timesteps      | 5877648    |
| train/                  |            |
|    approx_kl            | 0.00986924 |
|    clip_fraction        | 0.0944     |
|    clip_range           | 0.2        |
|    entropy_loss         | -8.59      |
|    explained_variance   | 0.711      |
|    learning_rate        | 0.0003     |
|    loss                 | 1.15       |
|    n_updates            | 2390       |
|    policy_gradient_loss | -0.00879   |
|    std                  | 0.85       |
|    value_loss           | 2.39       |
----------------------------------------
Eval num_timesteps=5897640, episode_reward=97.97 +/- 29.02
Episode length: 22.10 +/- 43.16
Success rate: 95.00%
---------------------------------
| eval/              |          |
|    mean_ep_length  | 22.1     |
|    mean_reward     | 98       |
|    success_rate    | 0.95     |
| time/              |          |
|    total_timesteps | 5897640  |
---------------------------------
New best mean reward!
---------------------------------
| rollout/           |          |
|    ep_len_mean     | 66       |
|    ep_rew_mean     | 77.2     |
|    success_rate    | 0.75     |
| time/              |          |
|    fps             | 2954     |
|    iterations      | 240      |
|    time_elapsed    | 1996     |
|    total_timesteps | 5898240  |
---------------------------------
Eval num_timesteps=5917632, episode_reward=77.32 +/- 47.55
Episode length: 54.85 +/- 83.86
Success rate: 75.00%
-----------------------------------------
| eval/                   |             |
|    mean_ep_length       | 54.9        |
|    mean_reward          | 77.3        |
|    success_rate         | 0.75        |
| time/                   |             |
|    total_timesteps      | 5917632     |
| train/                  |             |
|    approx_kl            | 0.009540844 |
|    clip_fraction        | 0.108       |
|    clip_range           | 0.2         |
|    entropy_loss         | -8.59       |
|    explained_variance   | 0.69        |
|    learning_rate        | 0.0003      |
|    loss                 | 1.31        |
|    n_updates            | 2400        |
|    policy_gradient_loss | -0.0081     |
|    std                  | 0.849       |
|    value_loss           | 2.73        |
-----------------------------------------
---------------------------------
| rollout/           |          |
|    ep_len_mean     | 41.6     |
|    ep_rew_mean     | 88.7     |
|    success_rate    | 0.85     |
| time/              |          |
|    fps             | 2957     |
|    iterations      | 241      |
|    time_elapsed    | 2002     |
|    total_timesteps | 5922816  |
---------------------------------
Eval num_timesteps=5937624, episode_reward=87.05 +/- 41.47
Episode length: 34.60 +/- 69.54
Success rate: 85.00%
-----------------------------------------
| eval/                   |             |
|    mean_ep_length       | 34.6        |
|    mean_reward          | 87.1        |
|    success_rate         | 0.85        |
| time/                   |             |
|    total_timesteps      | 5937624     |
| train/                  |             |
|    approx_kl            | 0.009767965 |
|    clip_fraction        | 0.105       |
|    clip_range           | 0.2         |
|    entropy_loss         | -8.57       |
|    explained_variance   | 0.716       |
|    learning_rate        | 0.0003      |
|    loss                 | 1.13        |
|    n_updates            | 2410        |
|    policy_gradient_loss | -0.00771    |
|    std                  | 0.846       |
|    value_loss           | 2.54        |
-----------------------------------------
---------------------------------
| rollout/           |          |
|    ep_len_mean     | 77.3     |
|    ep_rew_mean     | 69       |
|    success_rate    | 0.67     |
| time/              |          |
|    fps             | 2960     |
|    iterations      | 242      |
|    time_elapsed    | 2008     |
|    total_timesteps | 5947392  |
---------------------------------
Eval num_timesteps=5957616, episode_reward=94.33 +/- 31.11
Episode length: 24.50 +/- 58.55
Success rate: 90.00%
-----------------------------------------
| eval/                   |             |
|    mean_ep_length       | 24.5        |
|    mean_reward          | 94.3        |
|    success_rate         | 0.9         |
| time/                   |             |
|    total_timesteps      | 5957616     |
| train/                  |             |
|    approx_kl            | 0.010265102 |
|    clip_fraction        | 0.0974      |
|    clip_range           | 0.2         |
|    entropy_loss         | -8.55       |
|    explained_variance   | 0.697       |
|    learning_rate        | 0.0003      |
|    loss                 | 1.23        |
|    n_updates            | 2420        |
|    policy_gradient_loss | -0.00814    |
|    std                  | 0.845       |
|    value_loss           | 2.53        |
-----------------------------------------
---------------------------------
| rollout/           |          |
|    ep_len_mean     | 50.4     |
|    ep_rew_mean     | 85.3     |
|    success_rate    | 0.82     |
| time/              |          |
|    fps             | 2964     |
|    iterations      | 243      |
|    time_elapsed    | 2014     |
|    total_timesteps | 5971968  |
---------------------------------
Eval num_timesteps=5977608, episode_reward=88.28 +/- 40.41
Episode length: 35.30 +/- 69.40
Success rate: 85.00%
-----------------------------------------
| eval/                   |             |
|    mean_ep_length       | 35.3        |
|    mean_reward          | 88.3        |
|    success_rate         | 0.85        |
| time/                   |             |
|    total_timesteps      | 5977608     |
| train/                  |             |
|    approx_kl            | 0.010372549 |
|    clip_fraction        | 0.107       |
|    clip_range           | 0.2         |
|    entropy_loss         | -8.53       |
|    explained_variance   | 0.706       |
|    learning_rate        | 0.0003      |
|    loss                 | 1.25        |
|    n_updates            | 2430        |
|    policy_gradient_loss | -0.00821    |
|    std                  | 0.842       |
|    value_loss           | 2.74        |
-----------------------------------------
---------------------------------
| rollout/           |          |
|    ep_len_mean     | 51.9     |
|    ep_rew_mean     | 81.4     |
|    success_rate    | 0.79     |
| time/              |          |
|    fps             | 2965     |
|    iterations      | 244      |
|    time_elapsed    | 2022     |
|    total_timesteps | 5996544  |
---------------------------------
Eval num_timesteps=5997600, episode_reward=82.04 +/- 46.12
Episode length: 45.25 +/- 77.52
Success rate: 80.00%
-----------------------------------------
| eval/                   |             |
|    mean_ep_length       | 45.2        |
|    mean_reward          | 82          |
|    success_rate         | 0.8         |
| time/                   |             |
|    total_timesteps      | 5997600     |
| train/                  |             |
|    approx_kl            | 0.010754685 |
|    clip_fraction        | 0.107       |
|    clip_range           | 0.2         |
|    entropy_loss         | -8.51       |
|    explained_variance   | 0.705       |
|    learning_rate        | 0.0003      |
|    loss                 | 1.25        |
|    n_updates            | 2440        |
|    policy_gradient_loss | -0.00888    |
|    std                  | 0.841       |
|    value_loss           | 2.71        |
-----------------------------------------
Eval num_timesteps=6017592, episode_reward=93.38 +/- 35.37
Episode length: 28.95 +/- 58.95
Success rate: 90.00%
---------------------------------
| eval/              |          |
|    mean_ep_length  | 28.9     |
|    mean_reward     | 93.4     |
|    success_rate    | 0.9      |
| time/              |          |
|    total_timesteps | 6017592  |
---------------------------------
---------------------------------
| rollout/           |          |
|    ep_len_mean     | 54.4     |
|    ep_rew_mean     | 81.9     |
|    success_rate    | 0.79     |
| time/              |          |
|    fps             | 2967     |
|    iterations      | 245      |
|    time_elapsed    | 2029     |
|    total_timesteps | 6021120  |
---------------------------------
 100% ━━━━━━━━━━━━━━━━━━━ 6,021,120/6,000,000 [ 0:33:44 < 0:00:00 , 3,668 it/s ]
done. best model in ur_sim/rl_runs/models
